,,,,||xbar||_A,1870.562683,,,,,,,,,,
Julia_default,Julia_64,Julia_128,Julia_1024,Matlab_default,Matlab_1024,,Matlab_default_absolute^2,Matlab_1024_absolute^2,,Julia_default,Julia_64,Julia_128,Julia_1024,Matlab_default,Matlab_1024
0.42331012,0.42331012,0.42331012,0.42331012,0.4233102,0.4233102,,626992,626992,,-0.373341349,-0.373341349,-0.373341349,-0.373341349,-0.373341266,-0.373341266
0.14401467,0.14401467,0.14401467,0.14401467,0.144014624,0.144014624,,72570.1,72570.1,,-0.841593265,-0.841593265,-0.841593265,-0.841593265,-0.841593405,-0.841593405
0.054088075,0.054088075,0.054088075,0.054088075,0.054088054,0.054088054,,10236.4,10236.4,,-1.266898474,-1.266898474,-1.266898474,-1.266898474,-1.266898642,-1.266898642
0.031919868,0.031919868,0.031919868,0.031919868,0.031919873,0.031919873,,3565.06,3565.06,,-1.495938911,-1.495938911,-1.495938911,-1.495938911,-1.495938844,-1.495938844
0.017738562,0.017738562,0.017738562,0.017738562,0.017738523,0.017738523,,1100.98,1100.98,,-1.751081594,-1.751081594,-1.751081594,-1.751081594,-1.751082551,-1.751082551
0.011399891,0.011399891,0.011399891,0.011399891,0.011399891,0.011399891,,454.722,454.722,,-1.943099308,-1.943099309,-1.943099309,-1.943099309,-1.943099283,-1.943099283
0.006161216,0.004495976,0.004495967,0.004495967,0.008909112,0.009454583,,277.724,312.773,,-2.210333583,-2.347175971,-2.347176895,-2.347176895,-2.05016556,-2.024357638
0.004495701,0.004493859,0.00400718,0.00400718,0.0044957,0.0044957,,70.7195,70.7195,,-2.347202598,-2.347380571,-2.397161122,-2.397161122,-2.347202675,-2.347202675
0.004007207,0.004007162,0.001167961,0.001167961,0.004007485,0.004007307,,56.1938,56.1888,,-2.3971582,-2.39716306,-2.93257184,-2.93257184,-2.397128065,-2.397147388
0.004006918,0.001180623,0.001096716,0.001096716,0.004007011,0.00400699,,56.1805,56.1799,,-2.397189598,-2.927888737,-2.95990567,-2.95990567,-2.397179466,-2.397181785
0.001167961,0.00116796,0.000999632,1.07E-12,0.00116796,0.00116796,,4.7731,4.7731,,-2.932571827,-2.932572104,-3.000159697,-11.97133754,-2.932571999,-2.932571999
0.00116796,0.001096716,1.77E-12,1.07E-12,0.00116796,0.00116796,,4.7731,4.7731,,-2.932572135,-2.959905835,-11.7512519,-11.97133754,-2.932571999,-2.932571999
0.001096722,0.001096689,1.07E-12,1.07E-12,0.001096769,0.001096787,,4.20896,4.2091,,-2.959903252,-2.959916614,-11.97133754,-11.97133754,-2.959884867,-2.959877644
0.00109671,0.000805453,1.07E-12,1.07E-12,0.001096725,0.001096731,,4.20862,4.20867,,-2.959908369,-3.093959771,-11.97133754,-11.97133754,-2.959902409,-2.959899829
0.001094745,3.09E-05,1.07E-12,1.07E-12,0.001096709,0.001096709,,4.2085,4.2085,,-2.960687028,-4.510430036,-11.97133754,-11.97133754,-2.9599086,-2.9599086
0.001093829,3.24E-07,1.07E-12,1.07E-12,0.001096709,0.001096709,,4.2085,4.2085,,-2.961050693,-6.489095233,-11.97133754,-11.97133754,-2.9599086,-2.9599086
0.001093686,1.22E-07,1.07E-12,1.07E-12,0.001096129,0.00109668,,4.20405,4.20828,,-2.961107272,-6.913502027,-11.97133754,-11.97133754,-2.96013833,-2.959919952
0.000112599,1.34E-08,1.07E-12,1.07E-12,0.001089519,0.001095275,,4.1535,4.1975,,-3.948465751,-7.871967638,-11.97133754,-11.97133754,-2.962765159,-2.960476914
3.46E-05,9.80E-09,1.07E-12,1.07E-12,0.000383758,0.000583582,,0.515299,1.19165,,-4.460319467,-8.008581955,-11.97133754,-11.97133754,-3.415942616,-3.233897907
8.03E-09,3.29E-12,1.07E-12,1.07E-12,0.000347978,0.00058009,,0.423689,1.17743,,-8.095403991,-11.48231741,-11.97133754,-11.97133754,-3.458448672,-3.236504718
8.01E-09,1.23E-12,1.07E-12,1.07E-12,9.47834E-07,3.53922E-06,,3.14E-06,4.38E-05,,-8.096629703,-11.91109271,-11.97133754,-11.97133754,-6.023267606,-5.451091981
5.02E-09,1.07E-12,1.07E-12,1.07E-12,5.81566E-07,9.0586E-07,,1.18E-06,2.87E-06,,-8.299584474,-11.97091674,-11.97133754,-11.97133753,-6.235400979,-6.042939031
1.92E-09,1.07E-12,1.07E-12,1.26E+116,5.59291E-07,2.61067E-08,,1.09E-06,2.38E-09,,-8.717487714,-11.97138151,-11.97133754,116.0989574,-6.252362399,-7.583248106
3.97E-11,1.07E-12,1.07E-12,9.52E+137,4.48372E-09,2.29075E-08,,7.03E-11,1.84E-09,,-10.40068712,-11.97152975,-11.97133754,137.9787754,-8.348361206,-7.640021735
6.74E-12,1.07E-12,1.07E-12,6.01E+137,9.68667E-10,2.19081E-08,,3.28E-12,1.68E-09,,-11.17106631,-11.97153025,-11.97133754,137.7790037,-9.013825581,-7.659395192
5.00E-12,1.07E-12,1.07E-12,6.02E+137,9.36022E-10,1.1604E-09,,3.07E-12,4.71E-12,,-11.30115271,-11.97153025,-11.97133754,137.7796193,-9.028713814,-8.935392207
4.97E-12,1.07E-12,1.07E-12,1.55E+138,8.96071E-10,1.05008E-09,,2.81E-12,3.86E-12,,-11.30344449,-11.97152919,-11.97133754,138.189926,-9.047657748,-8.978778772
4.97E-12,1.07E-12,1.07E-12,7.03E+137,8.00492E-10,8.58992E-10,,2.24E-12,2.58E-12,,,,,,,
4.97E-12,1.07E-12,1.07E-12,5.36E+137,4.98631E-11,5.46753E-11,,8.70E-15,1.05E-14,,,,,,,
4.76E-12,1.07E-12,1.07E-12,1.21E+138,5.42126E-11,5.19685E-11,,1.03E-14,9.45E-15,,,,,,,
4.76E-12,1.07E-12,1.07E-12,4.00E+137,3.60952E-11,5.29124E-11,,4.56E-15,9.80E-15,,,,,,,
4.76E-12,1.07E-12,1.07E-12,7.89E+137,3.58906E-11,5.32525E-11,,4.51E-15,9.92E-15,,,,,,,
4.81E-12,1.07E-12,1.07E-12,8.08E+137,3.58696E-11,5.63295E-11,,4.50E-15,1.11E-14,,,,,,,
4.82E-12,1.07E-12,1.07E-12,3.97E+137,3.53994E-11,3.68677E-11,,4.38E-15,4.76E-15,,,,,,,
4.82E-12,1.07E-12,1.07E-12,3.60E+137,3.56519E-11,3.3893E-11,,4.45E-15,4.02E-15,,,,,,,
4.82E-12,1.07E-12,1.07E-12,9.94E+137,3.54373E-11,3.39371E-11,,4.39E-15,4.03E-15,,,,,,,
4.82E-12,1.07E-12,1.07E-12,9.32E+137,3.51552E-11,3.64046E-11,,4.32E-15,4.64E-15,,,,,,,
4.82E-12,1.07E-12,1.07E-12,7.50E+137,3.48689E-11,3.57634E-11,,4.25E-15,4.48E-15,,,,,,,
5.02E-12,1.07E-12,1.07E-12,5.26E+137,3.56574E-11,3.59658E-11,,4.45E-15,4.53E-15,,,,,,,
5.36E-12,1.07E-12,1.07E-12,1.22E+138,3.59053E-11,3.46817E-11,,4.51E-15,4.21E-15,,,,,,,
5.37E-12,1.07E-12,1.07E-12,8.88E+137,3.3822E-11,3.50437E-11,,4.00E-15,4.30E-15,,,,,,,
5.40E-12,1.07E-12,1.07E-12,1.42E+138,3.31637E-11,3.50296E-11,,3.85E-15,4.29E-15,,,,,,,
5.40E-12,1.07E-12,1.07E-12,1.23E+137,3.46897E-11,3.50411E-11,,4.21E-15,4.30E-15,,,,,,,
5.40E-12,1.07E-12,1.07E-12,1.23E+137,3.56846E-11,3.50883E-11,,4.46E-15,4.31E-15,,,,,,,
5.40E-12,1.07E-12,1.07E-12,1.23E+137,3.47872E-11,3.504E-11,,4.23E-15,4.30E-15,,,,,,,
5.40E-12,1.07E-12,1.07E-12,1.23E+137,3.47709E-11,3.49915E-11,,4.23E-15,4.28E-15,,,,,,,
5.40E-12,1.07E-12,1.07E-12,1.23E+137,3.50286E-11,3.50451E-11,,4.29E-15,4.30E-15,,,,,,,
5.40E-12,1.07E-12,1.07E-12,1.23E+137,3.51035E-11,3.50589E-11,,4.31E-15,4.30E-15,,,,,,,
5.40E-12,1.07E-12,1.07E-12,1.23E+137,3.50344E-11,3.5024E-11,,4.29E-15,4.29E-15,,,,,,,
5.40E-12,1.07E-12,1.07E-12,1.23E+137,3.50137E-11,3.50308E-11,,4.29E-15,4.29E-15,,,,,,,
5.40E-12,1.07E-12,1.07E-12,1.23E+137,3.51304E-11,3.50223E-11,,4.32E-15,4.29E-15,,,,,,,
5.40E-12,1.07E-12,1.07E-12,1.23E+137,3.52557E-11,3.49161E-11,,4.35E-15,4.27E-15,,,,,,,
5.40E-12,1.07E-12,1.07E-12,1.23E+137,3.52069E-11,3.49549E-11,,4.34E-15,4.28E-15,,,,,,,
5.40E-12,1.07E-12,1.07E-12,1.23E+137,3.51637E-11,3.50018E-11,,4.33E-15,4.29E-15,,,,,,,
5.40E-12,1.07E-12,1.07E-12,1.23E+137,3.49279E-11,3.49734E-11,,4.27E-15,4.28E-15,,,,,,,
5.40E-12,1.07E-12,1.07E-12,1.23E+137,3.50225E-11,3.50459E-11,,4.29E-15,4.30E-15,,,,,,,
5.40E-12,1.07E-12,1.07E-12,1.23E+137,3.50257E-11,3.5055E-11,,4.29E-15,4.30E-15,,,,,,,
5.40E-12,1.07E-12,1.07E-12,1.23E+137,3.5008E-11,3.50189E-11,,4.29E-15,4.29E-15,,,,,,,
5.40E-12,1.07E-12,1.07E-12,1.23E+137,3.49484E-11,3.50164E-11,,4.27E-15,4.29E-15,,,,,,,
5.40E-12,1.07E-12,1.07E-12,1.23E+137,3.4974E-11,3.50478E-11,,4.28E-15,4.30E-15,,,,,,,
5.40E-12,1.07E-12,1.07E-12,1.23E+137,3.49961E-11,3.50518E-11,,4.29E-15,4.30E-15,,,,,,,
5.40E-12,1.07E-12,1.07E-12,1.23E+137,3.49734E-11,3.5037E-11,,4.28E-15,4.30E-15,,,,,,,
5.40E-12,1.07E-12,1.07E-12,1.23E+137,3.50201E-11,3.50011E-11,,4.29E-15,4.29E-15,,,,,,,
5.40E-12,1.07E-12,1.07E-12,1.23E+137,3.50029E-11,3.50644E-11,,4.29E-15,4.30E-15,,,,,,,
5.40E-12,1.07E-12,1.07E-12,1.23E+137,3.49847E-11,3.50362E-11,,4.28E-15,4.30E-15,,,,,,,
5.40E-12,1.07E-12,1.07E-12,1.23E+137,3.49938E-11,3.49982E-11,,4.28E-15,4.29E-15,,,,,,,
5.40E-12,1.07E-12,1.07E-12,1.23E+137,3.50128E-11,3.48247E-11,,4.29E-15,4.24E-15,,,,,,,
5.40E-12,1.07E-12,1.07E-12,1.23E+137,3.49995E-11,3.49133E-11,,4.29E-15,4.27E-15,,,,,,,
5.40E-12,1.07E-12,1.07E-12,1.23E+137,3.49696E-11,3.4932E-11,,4.28E-15,4.27E-15,,,,,,,
5.40E-12,1.07E-12,1.07E-12,1.23E+137,3.50116E-11,3.43398E-11,,4.29E-15,4.13E-15,,,,,,,
5.40E-12,1.07E-12,1.07E-12,1.23E+137,3.50149E-11,3.4657E-11,,4.29E-15,4.20E-15,,,,,,,
5.40E-12,1.07E-12,1.07E-12,1.23E+137,3.50114E-11,3.48671E-11,,4.29E-15,4.25E-15,,,,,,,
5.40E-12,1.07E-12,1.07E-12,1.23E+137,3.50009E-11,3.50037E-11,,4.29E-15,4.29E-15,,,,,,,
5.40E-12,1.07E-12,1.07E-12,1.23E+137,3.50079E-11,3.4882E-11,,4.29E-15,4.26E-15,,,,,,,
5.40E-12,1.07E-12,1.07E-12,1.23E+137,3.50047E-11,3.49532E-11,,4.29E-15,4.27E-15,,,,,,,
5.40E-12,1.07E-12,1.07E-12,1.23E+137,3.49999E-11,3.49858E-11,,4.29E-15,4.28E-15,,,,,,,
5.40E-12,1.07E-12,1.07E-12,1.23E+137,3.50201E-11,3.50624E-11,,4.29E-15,4.30E-15,,,,,,,
5.40E-12,1.07E-12,1.07E-12,1.23E+137,3.50374E-11,3.49636E-11,,4.30E-15,4.28E-15,,,,,,,
5.40E-12,1.07E-12,1.07E-12,1.23E+137,3.49858E-11,3.5013E-11,,4.28E-15,4.29E-15,,,,,,,
5.40E-12,1.07E-12,1.07E-12,1.23E+137,3.49693E-11,3.50714E-11,,4.28E-15,4.30E-15,,,,,,,
5.40E-12,1.07E-12,1.07E-12,1.23E+137,3.49178E-11,3.49668E-11,,4.27E-15,4.28E-15,,,,,,,
5.40E-12,1.07E-12,1.07E-12,1.23E+137,3.49091E-11,3.49353E-11,,4.26E-15,4.27E-15,,,,,,,
5.40E-12,1.07E-12,1.07E-12,1.23E+137,3.49819E-11,3.49781E-11,,4.28E-15,4.28E-15,,,,,,,
5.40E-12,1.07E-12,1.07E-12,1.23E+137,3.4977E-11,3.50352E-11,,4.28E-15,4.29E-15,,,,,,,
5.40E-12,1.07E-12,1.07E-12,1.23E+137,3.49657E-11,3.50953E-11,,4.28E-15,4.31E-15,,,,,,,
5.40E-12,1.07E-12,1.07E-12,1.23E+137,3.49888E-11,3.50501E-11,,4.28E-15,4.30E-15,,,,,,,
5.40E-12,1.07E-12,1.07E-12,1.23E+137,3.50196E-11,3.4971E-11,,4.29E-15,4.28E-15,,,,,,,
5.40E-12,1.07E-12,1.07E-12,1.23E+137,3.50669E-11,3.49773E-11,,4.30E-15,4.28E-15,,,,,,,
5.40E-12,1.07E-12,1.07E-12,1.23E+137,3.50356E-11,3.49276E-11,,4.30E-15,4.27E-15,,,,,,,
5.40E-12,1.07E-12,1.07E-12,1.23E+137,3.50233E-11,3.49423E-11,,4.29E-15,4.27E-15,,,,,,,
5.40E-12,1.07E-12,1.07E-12,1.23E+137,3.50046E-11,3.48864E-11,,4.29E-15,4.26E-15,,,,,,,
5.40E-12,1.07E-12,1.07E-12,1.23E+137,3.50091E-11,3.4924E-11,,4.29E-15,4.27E-15,,,,,,,
5.40E-12,1.07E-12,1.07E-12,1.23E+137,3.50316E-11,3.49532E-11,,4.29E-15,4.27E-15,,,,,,,
5.40E-12,1.07E-12,1.07E-12,1.23E+137,3.50107E-11,3.49705E-11,,4.29E-15,4.28E-15,,,,,,,
5.40E-12,1.07E-12,1.07E-12,1.23E+137,3.5006E-11,3.49334E-11,,4.29E-15,4.27E-15,,,,,,,
5.40E-12,1.07E-12,1.07E-12,1.23E+137,3.50238E-11,3.49783E-11,,4.29E-15,4.28E-15,,,,,,,
5.40E-12,1.07E-12,1.07E-12,1.23E+137,3.50342E-11,3.49699E-11,,4.29E-15,4.28E-15,,,,,,,
5.40E-12,1.07E-12,1.07E-12,1.23E+137,3.5083E-11,3.49601E-11,,4.31E-15,4.28E-15,,,,,,,
5.40E-12,1.07E-12,1.07E-12,1.23E+137,3.50531E-11,3.49557E-11,,4.30E-15,4.28E-15,,,,,,,
5.40E-12,1.07E-12,1.07E-12,1.23E+137,3.50025E-11,3.49649E-11,,4.29E-15,4.28E-15,,,,,,,
5.40E-12,1.07E-12,1.07E-12,1.23E+137,3.49703E-11,3.49558E-11,,4.28E-15,4.28E-15,,,,,,,
5.40E-12,1.07E-12,1.07E-12,1.23E+137,3.49845E-11,3.4962E-11,,4.28E-15,4.28E-15,,,,,,,
5.41E-12,1.07E-12,1.07E-12,1.23E+137,3.49633E-11,3.49627E-11,,4.28E-15,4.28E-15,,,,,,,
5.41E-12,1.07E-12,1.07E-12,1.23E+137,3.48865E-11,3.49683E-11,,4.26E-15,4.28E-15,,,,,,,
5.41E-12,1.07E-12,1.07E-12,1.23E+137,3.49146E-11,3.49665E-11,,4.27E-15,4.28E-15,,,,,,,
5.41E-12,1.07E-12,1.07E-12,1.23E+137,3.49648E-11,3.49721E-11,,4.28E-15,4.28E-15,,,,,,,
5.41E-12,1.07E-12,1.07E-12,1.23E+137,3.49988E-11,3.49698E-11,,4.29E-15,4.28E-15,,,,,,,
5.42E-12,1.07E-12,1.07E-12,1.23E+137,3.50818E-11,3.49657E-11,,4.31E-15,4.28E-15,,,,,,,
5.42E-12,1.07E-12,1.07E-12,1.23E+137,3.50315E-11,3.49694E-11,,4.29E-15,4.28E-15,,,,,,,
5.77E-12,1.07E-12,1.07E-12,1.23E+137,3.49938E-11,3.49568E-11,,4.28E-15,4.28E-15,,,,,,,
5.81E-12,1.07E-12,1.07E-12,1.23E+137,3.50111E-11,3.49332E-11,,4.29E-15,4.27E-15,,,,,,,
5.90E-12,1.07E-12,1.07E-12,1.23E+137,3.49851E-11,3.49553E-11,,4.28E-15,4.28E-15,,,,,,,
6.33E-12,1.07E-12,1.07E-12,1.23E+137,3.48854E-11,3.4962E-11,,4.26E-15,4.28E-15,,,,,,,
6.33E-12,1.07E-12,1.07E-12,1.23E+137,3.49566E-11,3.49322E-11,,4.28E-15,4.27E-15,,,,,,,
6.33E-12,1.07E-12,1.07E-12,1.23E+137,3.50127E-11,3.49748E-11,,4.29E-15,4.28E-15,,,,,,,
6.35E-12,1.07E-12,1.07E-12,1.23E+137,3.50556E-11,3.49716E-11,,4.30E-15,4.28E-15,,,,,,,
6.35E-12,1.07E-12,1.07E-12,1.23E+137,3.50576E-11,3.49373E-11,,4.30E-15,4.27E-15,,,,,,,
6.36E-12,1.07E-12,1.07E-12,1.23E+137,3.49754E-11,3.49454E-11,,4.28E-15,4.27E-15,,,,,,,
6.38E-12,1.07E-12,1.07E-12,1.23E+137,3.49787E-11,3.4975E-11,,4.28E-15,4.28E-15,,,,,,,
6.38E-12,1.07E-12,1.07E-12,1.23E+137,3.49909E-11,3.49676E-11,,4.28E-15,4.28E-15,,,,,,,
6.38E-12,1.07E-12,1.07E-12,1.23E+137,3.49028E-11,3.4958E-11,,4.26E-15,4.28E-15,,,,,,,
6.38E-12,1.07E-12,1.07E-12,1.23E+137,3.48361E-11,3.49628E-11,,4.25E-15,4.28E-15,,,,,,,
6.38E-12,1.07E-12,1.07E-12,1.23E+137,3.49434E-11,3.49702E-11,,4.27E-15,4.28E-15,,,,,,,
6.38E-12,1.07E-12,1.07E-12,1.23E+137,3.50144E-11,3.49816E-11,,4.29E-15,4.28E-15,,,,,,,
6.39E-12,1.07E-12,1.07E-12,1.23E+137,3.51372E-11,3.49782E-11,,4.32E-15,4.28E-15,,,,,,,
6.40E-12,1.07E-12,1.07E-12,1.23E+137,3.49854E-11,3.49395E-11,,4.28E-15,4.27E-15,,,,,,,
6.40E-12,1.07E-12,1.07E-12,1.23E+137,3.50999E-11,3.49682E-11,,4.31E-15,4.28E-15,,,,,,,
6.40E-12,1.07E-12,1.07E-12,1.23E+137,3.5129E-11,3.49759E-11,,4.32E-15,4.28E-15,,,,,,,
6.89E-12,1.07E-12,1.07E-12,1.51E+138,3.49564E-11,3.49511E-11,,4.28E-15,4.27E-15,,,,,,,
6.92E-12,1.07E-12,1.07E-12,4.97E+137,3.4978E-11,3.49311E-11,,4.28E-15,4.27E-15,,,,,,,
6.94E-12,1.07E-12,1.07E-12,6.64E+137,3.50964E-11,3.49359E-11,,4.31E-15,4.27E-15,,,,,,,
6.97E-12,1.07E-12,1.07E-12,1.17E+138,3.5168E-11,3.49535E-11,,4.33E-15,4.27E-15,,,,,,,
6.97E-12,1.07E-12,1.07E-12,7.62E+137,3.51421E-11,3.49587E-11,,4.32E-15,4.28E-15,,,,,,,
6.97E-12,1.07E-12,1.07E-12,1.10E+138,3.50197E-11,3.49817E-11,,4.29E-15,4.28E-15,,,,,,,
6.97E-12,1.07E-12,1.07E-12,2.01E+137,3.50352E-11,3.49765E-11,,4.29E-15,4.28E-15,,,,,,,
6.97E-12,1.07E-12,1.07E-12,1.08E+137,3.50043E-11,3.49619E-11,,4.29E-15,4.28E-15,,,,,,,
6.97E-12,1.07E-12,1.07E-12,5.36E+137,3.49831E-11,3.49677E-11,,4.28E-15,4.28E-15,,,,,,,
6.97E-12,1.07E-12,1.07E-12,1.38E+138,3.49914E-11,3.49744E-11,,4.28E-15,4.28E-15,,,,,,,
6.97E-12,1.07E-12,1.07E-12,1.34E+138,3.49984E-11,3.49614E-11,,4.29E-15,4.28E-15,,,,,,,
6.97E-12,1.07E-12,1.07E-12,3.12E+137,3.50085E-11,3.49553E-11,,4.29E-15,4.28E-15,,,,,,,
6.97E-12,1.07E-12,1.07E-12,8.08E+137,3.50214E-11,3.49429E-11,,4.29E-15,4.27E-15,,,,,,,
6.98E-12,1.07E-12,1.07E-12,3.14E+137,3.49807E-11,3.49763E-11,,4.28E-15,4.28E-15,,,,,,,
6.98E-12,1.07E-12,1.07E-12,1.07E+138,3.49871E-11,3.49808E-11,,4.28E-15,4.28E-15,,,,,,,
6.98E-12,1.07E-12,1.07E-12,9.96E+137,3.49594E-11,3.49545E-11,,4.28E-15,4.28E-15,,,,,,,
6.98E-12,1.07E-12,1.07E-12,3.66E+137,3.49758E-11,3.49322E-11,,4.28E-15,4.27E-15,,,,,,,
6.98E-12,1.07E-12,1.07E-12,3.64E+137,3.49824E-11,3.49471E-11,,4.28E-15,4.27E-15,,,,,,,
6.99E-12,1.07E-12,1.07E-12,4.13E+137,3.49934E-11,3.49611E-11,,4.28E-15,4.28E-15,,,,,,,
6.99E-12,1.07E-12,1.07E-12,3.48E+137,3.49893E-11,3.49669E-11,,4.28E-15,4.28E-15,,,,,,,
6.99E-12,1.07E-12,1.07E-12,1.42E+138,3.50175E-11,3.49442E-11,,4.29E-15,4.27E-15,,,,,,,
7.20E-12,1.07E-12,1.07E-12,9.37E+137,3.50064E-11,3.49504E-11,,4.29E-15,4.27E-15,,,,,,,
7.21E-12,1.07E-12,1.07E-12,8.82E+137,3.50096E-11,3.49658E-11,,4.29E-15,4.28E-15,,,,,,,
7.27E-12,1.07E-12,1.07E-12,8.27E+137,3.50025E-11,3.49674E-11,,4.29E-15,4.28E-15,,,,,,,
8.89E-12,1.07E-12,1.07E-12,9.55E+137,3.4995E-11,3.49629E-11,,4.29E-15,4.28E-15,,,,,,,
8.90E-12,1.07E-12,1.07E-12,8.51E+137,3.49679E-11,3.49675E-11,,4.28E-15,4.28E-15,,,,,,,
9.12E-12,1.07E-12,1.07E-12,9.38E+137,3.50315E-11,3.49689E-11,,4.29E-15,4.28E-15,,,,,,,
1.35E-11,1.07E-12,1.07E-12,9.37E+137,3.50211E-11,3.49695E-11,,4.29E-15,4.28E-15,,,,,,,
1.36E-11,1.07E-12,1.07E-12,4.71E+137,3.50491E-11,3.49692E-11,,4.30E-15,4.28E-15,,,,,,,
1.37E-11,1.07E-12,1.07E-12,3.64E+137,3.50511E-11,3.49679E-11,,4.30E-15,4.28E-15,,,,,,,
2.03E-11,1.07E-12,1.07E-12,6.98E+137,3.50114E-11,3.49684E-11,,4.29E-15,4.28E-15,,,,,,,
2.04E-11,1.07E-12,1.07E-12,9.10E+137,3.49823E-11,3.49675E-11,,4.28E-15,4.28E-15,,,,,,,
2.28E-11,1.07E-12,1.07E-12,1.16E+138,3.4989E-11,3.49679E-11,,4.28E-15,4.28E-15,,,,,,,
5.25E-11,1.07E-12,1.07E-12,6.42E+137,3.49976E-11,3.49667E-11,,4.29E-15,4.28E-15,,,,,,,
5.25E-11,1.07E-12,1.07E-12,1.30E+138,3.50051E-11,3.49674E-11,,4.29E-15,4.28E-15,,,,,,,
5.32E-11,1.07E-12,1.07E-12,6.56E+137,3.50012E-11,3.49671E-11,,4.29E-15,4.28E-15,,,,,,,
5.43E-11,1.07E-12,1.07E-12,1.14E+138,3.49937E-11,3.49684E-11,,4.28E-15,4.28E-15,,,,,,,
5.43E-11,1.07E-12,1.07E-12,4.53E+137,3.49916E-11,3.49679E-11,,4.28E-15,4.28E-15,,,,,,,
5.44E-11,1.07E-12,1.07E-12,1.23E+138,3.49876E-11,3.49669E-11,,4.28E-15,4.28E-15,,,,,,,
5.45E-11,1.07E-12,1.07E-12,1.05E+138,3.4982E-11,3.49673E-11,,4.28E-15,4.28E-15,,,,,,,
5.45E-11,1.07E-12,1.07E-12,1.27E+138,3.49855E-11,3.49665E-11,,4.28E-15,4.28E-15,,,,,,,
5.58E-11,1.07E-12,1.08E-12,8.33E+137,3.49937E-11,3.49676E-11,,4.28E-15,4.28E-15,,,,,,,
5.83E-11,1.07E-12,1.08E-12,7.19E+137,3.49937E-11,3.49672E-11,,4.28E-15,4.28E-15,,,,,,,
5.98E-11,1.07E-12,1.08E-12,1.53E+138,3.49929E-11,3.49678E-11,,4.28E-15,4.28E-15,,,,,,,
1.41E-10,1.07E-12,1.17E-12,1.09E+138,3.49919E-11,3.49689E-11,,4.28E-15,4.28E-15,,,,,,,
1.02E-09,1.07E-12,1.17E-12,8.30E+137,3.4996E-11,3.49702E-11,,4.29E-15,4.28E-15,,,,,,,
1.03E-09,1.07E-12,1.25E-12,1.14E+138,3.50053E-11,3.49698E-11,,4.29E-15,4.28E-15,,,,,,,
1.04E-09,1.07E-12,1.25E-12,1.20E+138,3.50115E-11,3.49692E-11,,4.29E-15,4.28E-15,,,,,,,
1.11E-09,1.07E-12,1.26E-12,1.15E+138,3.50198E-11,3.49684E-11,,4.29E-15,4.28E-15,,,,,,,
1.11E-09,1.07E-12,1.28E-12,1.58E+138,3.50158E-11,3.49687E-11,,4.29E-15,4.28E-15,,,,,,,
1.14E-09,1.07E-12,1.29E-12,4.24E+137,3.50102E-11,3.49692E-11,,4.29E-15,4.28E-15,,,,,,,
1.22E-09,1.07E-12,1.29E-12,6.00E+137,3.50076E-11,3.4969E-11,,4.29E-15,4.28E-15,,,,,,,
1.26E-09,1.07E-12,1.67E-12,5.71E+137,3.50039E-11,3.4969E-11,,4.29E-15,4.28E-15,,,,,,,
2.44E-09,1.07E-12,2.01E-12,5.81E+137,3.50002E-11,3.49694E-11,,4.29E-15,4.28E-15,,,,,,,
3.52E-09,1.07E-12,2.01E-12,9.75E+137,3.50002E-11,3.49699E-11,,4.29E-15,4.28E-15,,,,,,,
3.68E-09,1.07E-12,2.02E-12,1.06E+138,3.50015E-11,3.49702E-11,,4.29E-15,4.28E-15,,,,,,,
8.17E-09,1.07E-12,2.02E-12,6.06E+137,3.50046E-11,3.49703E-11,,4.29E-15,4.28E-15,,,,,,,
1.37E-08,1.07E-12,2.02E-12,1.44E+138,3.49966E-11,3.49696E-11,,4.29E-15,4.28E-15,,,,,,,
1.37E-08,1.07E-12,2.02E-12,7.73E+137,3.49828E-11,3.4969E-11,,4.28E-15,4.28E-15,,,,,,,
1.47E-08,1.07E-12,2.03E-12,4.22E+137,3.49786E-11,3.49684E-11,,4.28E-15,4.28E-15,,,,,,,
1.46E-08,1.07E-12,2.03E-12,1.58E+138,3.49786E-11,3.49683E-11,,4.28E-15,4.28E-15,,,,,,,
1.47E-08,1.07E-12,2.06E-12,1.17E+138,3.49871E-11,3.49685E-11,,4.28E-15,4.28E-15,,,,,,,
1.45E-08,1.07E-12,2.06E-12,8.17E+137,3.49923E-11,3.49683E-11,,4.28E-15,4.28E-15,,,,,,,
1.42E-08,1.07E-12,2.07E-12,7.23E+137,3.49982E-11,3.49682E-11,,4.29E-15,4.28E-15,,,,,,,
1.50E-08,1.07E-12,2.08E-12,1.30E+138,3.50194E-11,3.49681E-11,,4.29E-15,4.28E-15,,,,,,,
1.44E-08,1.07E-12,2.08E-12,1.58E+138,3.50352E-11,3.49683E-11,,4.29E-15,4.28E-15,,,,,,,
1.48E-08,1.07E-12,2.08E-12,6.08E+137,3.50181E-11,3.49685E-11,,4.29E-15,4.28E-15,,,,,,,
1.42E-08,1.07E-12,3.50E-12,1.36E+138,3.49882E-11,3.49687E-11,,4.28E-15,4.28E-15,,,,,,,
1.42E-08,1.07E-12,1.44E-11,3.82E+137,3.49593E-11,3.49685E-11,,4.28E-15,4.28E-15,,,,,,,
1.43E-08,1.07E-12,1.45E-11,1.22E+138,3.49644E-11,3.49684E-11,,4.28E-15,4.28E-15,,,,,,,
1.52E-08,1.07E-12,2.87E-11,1.05E+138,3.49685E-11,3.49684E-11,,4.28E-15,4.28E-15,,,,,,,
1.49E-08,1.07E-12,3.16E-11,6.82E+137,3.49738E-11,3.49684E-11,,4.28E-15,4.28E-15,,,,,,,
1.53E-08,1.07E-12,3.55E-11,1.34E+138,3.49597E-11,3.49684E-11,,4.28E-15,4.28E-15,,,,,,,
1.43E-08,1.07E-12,3.85E-11,1.14E+138,3.49458E-11,3.49683E-11,,4.27E-15,4.28E-15,,,,,,,
1.49E-08,1.07E-12,2.14E-10,7.12E+137,3.49427E-11,3.49683E-11,,4.27E-15,4.28E-15,,,,,,,
1.42E-08,1.07E-12,2.17E-10,1.11E+138,3.49806E-11,3.49683E-11,,4.28E-15,4.28E-15,,,,,,,
1.50E-08,1.07E-12,5.84E-10,3.54E+137,3.49961E-11,3.49683E-11,,4.29E-15,4.28E-15,,,,,,,
1.54E-08,1.07E-12,5.99E-10,3.00E+137,3.50017E-11,3.49683E-11,,4.29E-15,4.28E-15,,,,,,,
1.63E-08,1.07E-12,6.01E-10,5.10E+137,3.50202E-11,3.49683E-11,,4.29E-15,4.28E-15,,,,,,,
1.67E-08,1.07E-12,6.01E-10,1.04E+138,3.50277E-11,3.49683E-11,,4.29E-15,4.28E-15,,,,,,,
1.68E-08,1.07E-12,8.26E-10,5.06E+137,3.50189E-11,3.49683E-11,,4.29E-15,4.28E-15,,,,,,,
2.47E-08,1.07E-12,8.50E-10,1.66E+138,3.50015E-11,0,,4.29E-15,,,,,,,,
2.39E-08,1.07E-12,1.38E-09,9.70E+137,3.50121E-11,0,,4.29E-15,,,,,,,,
2.30E-08,1.07E-12,1.52E-09,4.15E+137,3.50168E-11,0,,4.29E-15,,,,,,,,
3.28E-08,1.07E-12,1.53E-09,3.91E+137,3.50183E-11,0,,4.29E-15,,,,,,,,
3.51E-08,1.07E-12,1.68E-09,1.33E+138,3.49959E-11,0,,4.29E-15,,,,,,,,
3.53E-08,1.07E-12,2.00E-09,6.71E+137,3.49815E-11,0,,4.28E-15,,,,,,,,
3.03E-08,1.07E-12,2.07E-09,7.51E+137,3.49585E-11,0,,4.28E-15,,,,,,,,
3.63E-08,1.07E-12,2.19E-09,8.60E+137,3.49806E-11,0,,4.28E-15,,,,,,,,
4.23E-08,1.07E-12,5.63E-09,4.20E+137,3.49904E-11,0,,4.28E-15,,,,,,,,
3.68E-08,1.07E-12,5.72E-09,8.92E+137,3.50126E-11,0,,4.29E-15,,,,,,,,
4.18E-08,1.07E-12,1.59E-08,5.22E+137,3.50318E-11,0,,4.29E-15,,,,,,,,
3.15E-08,1.07E-12,1.60E-08,1.18E+138,3.50164E-11,0,,4.29E-15,,,,,,,,
4.36E-08,1.07E-12,1.62E-08,1.49E+138,3.49768E-11,0,,4.28E-15,,,,,,,,
3.38E-08,1.07E-12,1.62E-08,1.04E+138,3.49938E-11,0,,4.28E-15,,,,,,,,
4.00E-08,1.07E-12,1.66E-08,7.88E+137,3.50012E-11,0,,4.29E-15,,,,,,,,
3.24E-08,1.07E-12,1.66E-08,1.27E+138,3.50043E-11,0,,4.29E-15,,,,,,,,
4.40E-08,1.07E-12,1.66E-08,1.39E+138,3.49663E-11,0,,4.28E-15,,,,,,,,
3.98E-08,1.07E-12,1.66E-08,1.03E+138,3.49499E-11,0,,4.27E-15,,,,,,,,
4.70E-08,1.07E-12,1.66E-08,1.63E+138,3.50009E-11,0,,4.29E-15,,,,,,,,
5.69E-08,1.07E-12,1.66E-08,5.60E+137,3.50192E-11,0,,4.29E-15,,,,,,,,
4.44E-08,1.07E-12,1.68E-08,5.68E+137,3.5039E-11,0,,4.30E-15,,,,,,,,
4.95E-08,1.07E-12,1.80E-08,1.42E+138,3.51031E-11,0,,4.31E-15,,,,,,,,
4.74E-08,1.07E-12,1.82E-08,4.50E+137,3.50735E-11,0,,4.30E-15,,,,,,,,
2.94E-08,1.07E-12,2.50E-08,8.83E+137,3.5003E-11,0,,4.29E-15,,,,,,,,
4.05E-08,1.07E-12,2.50E-08,1.01E+138,3.50084E-11,0,,4.29E-15,,,,,,,,
1.29E-08,1.07E-12,2.56E-08,8.89E+137,3.50268E-11,0,,4.29E-15,,,,,,,,
6.74E-08,1.07E-12,2.58E-08,1.79E+138,3.50379E-11,0,,4.30E-15,,,,,,,,
6.81E-08,1.07E-12,2.62E-08,1.16E+138,3.49784E-11,0,,4.28E-15,,,,,,,,
3.20E-09,1.07E-12,2.66E-08,1.30E+138,3.49705E-11,0,,4.28E-15,,,,,,,,
4.07E-08,1.07E-12,1.85E-07,1.64E+138,3.50036E-11,0,,4.29E-15,,,,,,,,
5.71E-08,1.07E-12,1.91E-07,1.17E+138,3.50164E-11,0,,4.29E-15,,,,,,,,
9.50E-08,1.07E-12,2.02E-07,1.41E+137,3.50293E-11,0,,4.29E-15,,,,,,,,
5.43E-08,1.07E-12,2.22E-07,9.79E+137,3.50055E-11,0,,4.29E-15,,,,,,,,
1.65E-08,1.07E-12,2.26E-07,8.86E+137,3.50011E-11,0,,4.29E-15,,,,,,,,
1.03E-07,1.07E-12,2.26E-07,5.51E+137,3.49911E-11,0,,4.28E-15,,,,,,,,
6.15E-08,1.07E-12,2.51E-07,3.68E+137,3.49903E-11,0,,4.28E-15,,,,,,,,
3.94E-08,1.07E-12,2.53E-07,1.19E+138,3.49962E-11,0,,4.29E-15,,,,,,,,
3.83E-08,1.07E-12,2.68E-07,1.15E+138,3.49996E-11,0,,4.29E-15,,,,,,,,
8.67E-09,1.07E-12,4.66E-07,5.22E+137,3.49955E-11,0,,4.29E-15,,,,,,,,
7.72E-08,1.07E-12,4.80E-07,5.13E+137,3.49929E-11,0,,4.28E-15,,,,,,,,
7.52E-08,1.07E-12,7.93E-07,5.79E+137,3.49906E-11,0,,4.28E-15,,,,,,,,
6.30E-08,1.07E-12,1.87E-06,3.88E+137,3.50039E-11,0,,4.29E-15,,,,,,,,
5.02E-08,1.07E-12,2.62E-06,1.30E+138,3.50104E-11,0,,4.29E-15,,,,,,,,
6.60E-08,1.07E-12,2.62E-06,1.27E+138,3.50023E-11,0,,4.29E-15,,,,,,,,
6.97E-08,1.07E-12,2.62E-06,1.02E+138,3.49886E-11,0,,4.28E-15,,,,,,,,
5.97E-08,1.07E-12,2.62E-06,1.82E+137,3.49855E-11,0,,4.28E-15,,,,,,,,
7.96E-08,1.07E-12,2.62E-06,8.33E+137,3.498E-11,0,,4.28E-15,,,,,,,,
1.02E-07,1.07E-12,2.62E-06,3.79E+137,3.4965E-11,0,,4.28E-15,,,,,,,,
6.54E-08,1.07E-12,2.62E-06,1.11E+138,3.49653E-11,0,,4.28E-15,,,,,,,,
8.16E-08,1.07E-12,2.62E-06,5.30E+137,3.49741E-11,0,,4.28E-15,,,,,,,,
8.88E-08,1.07E-12,2.62E-06,4.34E+137,3.49935E-11,0,,4.28E-15,,,,,,,,
9.23E-08,1.07E-12,2.62E-06,8.78E+136,3.50001E-11,0,,4.29E-15,,,,,,,,
4.77E-08,1.07E-12,2.62E-06,1.67E+138,3.49973E-11,0,,4.29E-15,,,,,,,,
8.52E-08,1.07E-12,2.62E-06,1.34E+138,3.49951E-11,0,,4.29E-15,,,,,,,,
4.92E-08,1.07E-12,2.62E-06,2.86E+137,3.49931E-11,0,,4.28E-15,,,,,,,,
2.31E-08,1.07E-12,2.62E-06,1.02E+138,3.50058E-11,0,,4.29E-15,,,,,,,,
4.68E-08,1.07E-12,2.62E-06,9.68E+137,3.50235E-11,0,,4.29E-15,,,,,,,,
4.05E-08,1.07E-12,2.62E-06,8.44E+137,3.50329E-11,0,,4.29E-15,,,,,,,,
9.85E-08,1.07E-12,2.62E-06,7.30E+137,3.50368E-11,0,,4.30E-15,,,,,,,,
3.79E-08,1.07E-12,2.69E-06,5.39E+137,3.50237E-11,0,,4.29E-15,,,,,,,,
8.45E-08,1.07E-12,2.69E-06,1.09E+138,3.50167E-11,0,,4.29E-15,,,,,,,,
9.35E-08,1.07E-12,2.69E-06,9.90E+137,3.50137E-11,0,,4.29E-15,,,,,,,,
6.33E-08,1.07E-12,2.70E-06,8.58E+137,3.50091E-11,0,,4.29E-15,,,,,,,,
2.25E-08,1.07E-12,2.94E-06,1.12E+138,3.4998E-11,0,,4.29E-15,,,,,,,,
1.11E-07,1.07E-12,2.95E-06,1.38E+138,3.49899E-11,0,,4.28E-15,,,,,,,,
1.95E-08,1.07E-12,2.97E-06,6.42E+137,3.4991E-11,0,,4.28E-15,,,,,,,,
7.95E-08,1.07E-12,2.99E-06,1.19E+138,3.4996E-11,0,,4.29E-15,,,,,,,,
1.09E-07,1.07E-12,3.03E-06,1.34E+138,3.5003E-11,0,,4.29E-15,,,,,,,,
8.08E-08,1.07E-12,4.03E-06,6.87E+137,3.49928E-11,0,,4.28E-15,,,,,,,,
6.25E-08,1.07E-12,1.20E-05,6.70E+137,3.49822E-11,0,,4.28E-15,,,,,,,,
1.01E-07,1.07E-12,2.90E-05,9.99E+137,3.49783E-11,0,,4.28E-15,,,,,,,,
5.13E-08,1.07E-12,2.91E-05,8.99E+137,3.49766E-11,0,,4.28E-15,,,,,,,,
4.83E-08,1.07E-12,3.31E-05,2.71E+137,3.49784E-11,0,,4.28E-15,,,,,,,,
4.47E-08,1.07E-12,3.32E-05,1.06E+138,3.49864E-11,0,,4.28E-15,,,,,,,,
4.26E-08,1.07E-12,4.37E-05,7.53E+137,3.49926E-11,0,,4.28E-15,,,,,,,,
5.49E-08,1.07E-12,4.41E-05,9.16E+137,3.49978E-11,0,,4.29E-15,,,,,,,,
4.02E-08,1.07E-12,4.47E-05,1.14E+138,3.50075E-11,0,,4.29E-15,,,,,,,,
8.10E-08,1.07E-12,4.55E-05,1.42E+138,3.50179E-11,0,,4.29E-15,,,,,,,,
9.46E-08,1.07E-12,6.27E-05,5.23E+137,3.5012E-11,0,,4.29E-15,,,,,,,,
9.10E-08,1.07E-12,6.30E-05,8.97E+137,3.50058E-11,0,,4.29E-15,,,,,,,,
1.10E-07,1.07E-12,0.000614569,1.15E+138,3.50012E-11,0,,4.29E-15,,,,,,,,
6.16E-08,1.07E-12,0.001033424,7.54E+137,3.49952E-11,0,,4.29E-15,,,,,,,,
1.04E-07,1.07E-12,0.001239484,1.02E+138,3.49918E-11,0,,4.28E-15,,,,,,,,
4.72E-08,1.07E-12,0.001518642,7.93E+137,3.49923E-11,0,,4.28E-15,,,,,,,,
7.79E-08,1.07E-12,0.013675497,6.21E+137,3.49931E-11,0,,4.28E-15,,,,,,,,
9.94E-09,1.07E-12,0.01793842,1.39E+138,3.4994E-11,0,,4.28E-15,,,,,,,,
2.93E-08,1.07E-12,0.017983736,6.90E+137,3.49967E-11,0,,4.29E-15,,,,,,,,
7.56E-08,1.07E-12,0.020421396,6.78E+137,3.49926E-11,0,,4.28E-15,,,,,,,,
7.15E-08,1.07E-12,0.020429062,7.07E+137,3.49911E-11,0,,4.28E-15,,,,,,,,
4.78E-08,1.07E-12,0.020473019,7.86E+137,3.49929E-11,0,,4.28E-15,,,,,,,,
3.43E-08,1.07E-12,0.020516218,6.70E+137,3.49971E-11,0,,4.29E-15,,,,,,,,
4.32E-08,1.07E-12,0.024721914,6.16E+137,3.49983E-11,0,,4.29E-15,,,,,,,,
7.83E-08,1.07E-12,0.024754287,5.61E+137,3.49995E-11,0,,4.29E-15,,,,,,,,
1.19E-07,1.07E-12,0.025332927,5.17E+137,3.49951E-11,0,,4.29E-15,,,,,,,,
8.11E-08,1.07E-12,0.02535874,1.02E+138,3.4995E-11,0,,4.29E-15,,,,,,,,
8.94E-08,1.07E-12,0.02538784,4.57E+137,3.49973E-11,0,,4.29E-15,,,,,,,,
6.45E-08,1.07E-12,0.025505155,7.96E+137,3.49988E-11,0,,4.29E-15,,,,,,,,
1.08E-07,1.07E-12,0.025553632,3.52E+137,3.49966E-11,0,,4.29E-15,,,,,,,,
7.30E-08,1.07E-12,0.025557783,1.17E+138,3.49979E-11,0,,4.29E-15,,,,,,,,
2.19E-08,1.07E-12,0.025993759,1.08E+138,3.49952E-11,0,,4.29E-15,,,,,,,,
1.32E-07,1.07E-12,0.026025181,7.26E+137,3.4995E-11,0,,4.29E-15,,,,,,,,
9.34E-08,1.07E-12,0.02627112,1.11E+138,3.49937E-11,0,,4.28E-15,,,,,,,,
8.07E-08,1.07E-12,0.026318009,1.24E+138,3.49923E-11,0,,4.28E-15,,,,,,,,
9.81E-08,1.07E-12,0.026326011,7.83E+137,3.49958E-11,0,,4.29E-15,,,,,,,,
9.30E-08,1.07E-12,0.026517575,1.13E+138,3.49966E-11,0,,4.29E-15,,,,,,,,
8.79E-08,1.07E-12,0.026981584,8.87E+137,3.49958E-11,0,,4.29E-15,,,,,,,,
8.38E-08,1.07E-12,0.027087833,1.35E+138,3.49939E-11,0,,4.28E-15,,,,,,,,
1.05E-07,1.07E-12,0.027370623,1.21E+138,3.49971E-11,0,,4.29E-15,,,,,,,,
5.80E-08,1.07E-12,0.175917269,5.04E+137,3.49986E-11,0,,4.29E-15,,,,,,,,
1.45E-07,1.07E-12,0.184493012,5.23E+137,3.49987E-11,0,,4.29E-15,,,,,,,,
4.03E-08,1.07E-12,0.500045726,1.21E+138,3.50012E-11,0,,4.29E-15,,,,,,,,
4.72E-08,1.07E-12,0.729089524,1.34E+138,3.49998E-11,0,,4.29E-15,,,,,,,,
1.90E-08,1.07E-12,5.721276659,8.45E+137,3.50006E-11,0,,4.29E-15,,,,,,,,
1.15E-07,1.07E-12,6.076889656,1.26E+138,3.49986E-11,0,,4.29E-15,,,,,,,,
6.41E-08,1.07E-12,7.024177741,1.28E+137,3.49963E-11,0,,4.29E-15,,,,,,,,
1.74E-07,1.07E-12,13.02970722,1.44E+138,3.49965E-11,0,,4.29E-15,,,,,,,,
2.29E-07,1.07E-12,13.04977667,9.94E+137,3.49963E-11,0,,4.29E-15,,,,,,,,
1.49E-07,1.07E-12,14.20568227,9.64E+137,3.49961E-11,0,,4.29E-15,,,,,,,,
1.12E-07,1.07E-12,14.66814245,1.09E+138,3.49962E-11,0,,4.29E-15,,,,,,,,
2.26E-07,1.07E-12,15.04029821,1.00E+138,3.49971E-11,0,,4.29E-15,,,,,,,,
2.60E-07,1.07E-12,15.58475264,1.47E+138,3.49981E-11,0,,4.29E-15,,,,,,,,
3.34E-07,1.07E-12,35.23358768,9.16E+137,3.49989E-11,0,,4.29E-15,,,,,,,,
5.41E-08,1.07E-12,35.68209791,1.12E+138,3.49997E-11,0,,4.29E-15,,,,,,,,
2.02E-07,1.07E-12,61.68326225,1.15E+138,3.49994E-11,0,,4.29E-15,,,,,,,,
2.66E-07,1.07E-12,61.73824405,1.16E+137,3.49975E-11,0,,4.29E-15,,,,,,,,
2.91E-07,1.07E-12,64.1585717,1.15E+138,3.49963E-11,0,,4.29E-15,,,,,,,,
2.00E-07,1.07E-12,64.52085545,4.97E+137,3.49955E-11,0,,4.29E-15,,,,,,,,
2.13E-07,1.07E-12,64.49050881,3.68E+137,3.49945E-11,0,,4.28E-15,,,,,,,,
1.30E-07,1.07E-12,64.93506926,1.05E+138,3.49933E-11,0,,4.28E-15,,,,,,,,
2.55E-07,1.07E-12,444.079493,1.54E+138,3.49926E-11,0,,4.28E-15,,,,,,,,
2.04E-07,1.07E-12,496.1565503,8.76E+137,3.49925E-11,0,,4.28E-15,,,,,,,,
2.39E-07,1.07E-12,527.0791764,1.23E+138,3.49927E-11,0,,4.28E-15,,,,,,,,
3.08E-07,1.07E-12,677.1396201,4.63E+137,3.49931E-11,0,,4.28E-15,,,,,,,,
3.73E-07,1.07E-12,2079.954943,1.27E+138,3.49937E-11,0,,4.28E-15,,,,,,,,
1.47E-07,1.07E-12,809.2789483,1.20E+138,3.49925E-11,0,,4.28E-15,,,,,,,,
7.81E-08,1.07E-12,2315.73916,9.31E+137,3.49915E-11,0,,4.28E-15,,,,,,,,
1.97E-07,1.07E-12,1661.66424,1.17E+138,3.49911E-11,0,,4.28E-15,,,,,,,,
2.11E-07,1.07E-12,2209.073398,9.48E+136,3.49913E-11,0,,4.28E-15,,,,,,,,
2.48E-07,1.07E-12,1328.10366,3.02E+137,3.49925E-11,0,,4.28E-15,,,,,,,,
2.85E-07,1.07E-12,570.4110282,7.91E+137,3.49937E-11,0,,4.28E-15,,,,,,,,
2.65E-07,1.07E-12,1410.225457,5.77E+137,3.49946E-11,0,,4.28E-15,,,,,,,,
3.36E-07,1.07E-12,736.1289951,7.69E+137,3.49955E-11,0,,4.29E-15,,,,,,,,
1.39E-07,1.07E-12,3608.33564,1.55E+138,3.49979E-11,0,,4.29E-15,,,,,,,,
4.89E-07,1.07E-12,2081.845145,9.75E+137,3.49975E-11,0,,4.29E-15,,,,,,,,
4.19E-07,1.07E-12,1974.77866,1.54E+138,3.49963E-11,0,,4.29E-15,,,,,,,,
6.32E-08,1.07E-12,1926.880424,1.26E+138,3.49947E-11,0,,4.28E-15,,,,,,,,
1.97E-07,1.07E-12,1924.722066,1.62E+138,3.49934E-11,0,,4.28E-15,,,,,,,,
2.80E-07,1.07E-12,1819.825951,9.34E+137,3.49937E-11,0,,4.28E-15,,,,,,,,
2.28E-07,1.07E-12,1880.977905,1.19E+138,3.49943E-11,0,,4.28E-15,,,,,,,,
2.97E-07,1.07E-12,1888.095576,1.40E+138,3.49975E-11,0,,4.29E-15,,,,,,,,
3.63E-07,1.07E-12,1758.697004,1.36E+138,3.49969E-11,0,,4.29E-15,,,,,,,,
5.02E-07,1.07E-12,1795.982943,6.54E+137,3.4996E-11,0,,4.29E-15,,,,,,,,
2.91E-07,1.07E-12,1862.385932,7.74E+137,3.49947E-11,0,,4.28E-15,,,,,,,,
6.05E-07,1.07E-12,1765.014963,9.26E+137,3.49949E-11,0,,4.29E-15,,,,,,,,
2.65E-07,1.07E-12,1743.018064,1.14E+138,3.50008E-11,0,,4.29E-15,,,,,,,,
2.42E-07,1.07E-12,1538.793528,3.46E+137,3.50044E-11,0,,4.29E-15,,,,,,,,
2.78E-07,1.07E-12,1674.719447,8.83E+137,3.50061E-11,0,,4.29E-15,,,,,,,,
6.43E-07,1.07E-12,1523.466852,1.63E+138,3.5001E-11,0,,4.29E-15,,,,,,,,
3.51E-07,1.07E-12,1199.011433,4.06E+137,3.4997E-11,0,,4.29E-15,,,,,,,,
2.33E-07,1.07E-12,1640.259582,4.17E+137,3.49955E-11,0,,4.29E-15,,,,,,,,
3.97E-07,1.07E-12,547.3895448,6.81E+137,3.49934E-11,0,,4.28E-15,,,,,,,,
2.47E-07,1.07E-12,1716.726632,1.08E+138,3.49883E-11,0,,4.28E-15,,,,,,,,
4.79E-07,1.07E-12,1084.514264,1.40E+138,3.49808E-11,0,,4.28E-15,,,,,,,,
3.80E-07,1.07E-12,2111.240699,1.60E+138,3.49794E-11,0,,4.28E-15,,,,,,,,
1.84E-07,1.07E-12,710.1686685,6.19E+137,3.49816E-11,0,,4.28E-15,,,,,,,,
3.10E-07,1.07E-12,1275.263229,6.60E+137,3.49855E-11,0,,4.28E-15,,,,,,,,
4.33E-07,1.07E-12,1645.795752,2.32E+137,3.49902E-11,0,,4.28E-15,,,,,,,,
4.13E-07,1.07E-12,1308.248522,6.88E+137,3.499E-11,0,,4.28E-15,,,,,,,,
1.99E-07,1.07E-12,762.8195266,6.64E+137,3.49886E-11,0,,4.28E-15,,,,,,,,
4.69E-07,1.07E-12,1139.580901,5.95E+137,3.49877E-11,0,,4.28E-15,,,,,,,,
1.86E-07,1.07E-12,2519.657798,6.60E+137,3.49869E-11,0,,4.28E-15,,,,,,,,
1.51E-07,1.07E-12,1830.537775,8.76E+137,3.49865E-11,0,,4.28E-15,,,,,,,,
4.15E-07,1.07E-12,3433.91136,7.47E+137,3.49889E-11,0,,4.28E-15,,,,,,,,
1.61E-07,1.07E-12,3389.847134,7.80E+137,3.49941E-11,0,,4.28E-15,,,,,,,,
4.09E-07,1.07E-12,3919.158572,6.78E+137,3.49986E-11,0,,4.29E-15,,,,,,,,
3.73E-07,1.07E-12,2261.602792,6.99E+137,3.50021E-11,0,,4.29E-15,,,,,,,,
6.49E-07,1.07E-12,1650.901715,1.72E+137,3.50058E-11,0,,4.29E-15,,,,,,,,
8.47E-08,1.07E-12,2278.448899,6.78E+137,3.50071E-11,0,,4.29E-15,,,,,,,,
1.06E-07,1.07E-12,2054.740957,1.29E+138,3.50026E-11,0,,4.29E-15,,,,,,,,
5.58E-07,1.07E-12,734.2324421,7.07E+137,3.49984E-11,0,,4.29E-15,,,,,,,,
4.30E-07,1.07E-12,3672.863394,1.25E+138,3.49961E-11,0,,4.29E-15,,,,,,,,
3.34E-07,1.07E-12,871.2011378,8.25E+137,3.49945E-11,0,,4.28E-15,,,,,,,,
3.29E-07,1.07E-12,1395.508462,1.09E+138,3.49927E-11,0,,4.28E-15,,,,,,,,
6.96E-07,1.07E-12,2314.308307,8.49E+137,3.49902E-11,0,,4.28E-15,,,,,,,,
2.44E-07,1.07E-12,2527.055272,1.14E+138,3.49883E-11,0,,4.28E-15,,,,,,,,
1.97E-07,1.07E-12,4608.362263,4.88E+137,3.49878E-11,0,,4.28E-15,,,,,,,,
2.67E-07,1.07E-12,2125.099001,6.23E+137,3.49882E-11,0,,4.28E-15,,,,,,,,
6.35E-07,1.07E-12,1598.981359,8.18E+137,3.49891E-11,0,,4.28E-15,,,,,,,,
1.58E-07,1.07E-12,2403.700585,1.28E+138,3.49908E-11,0,,4.28E-15,,,,,,,,
3.35E-07,1.07E-12,3989.403534,9.47E+137,3.49938E-11,0,,4.28E-15,,,,,,,,
5.59E-07,1.07E-12,1331.392154,1.05E+138,3.49953E-11,0,,4.29E-15,,,,,,,,
5.93E-07,1.07E-12,2561.644714,1.45E+138,3.49934E-11,0,,4.28E-15,,,,,,,,
3.64E-07,1.07E-12,2623.753678,9.01E+137,3.49918E-11,0,,4.28E-15,,,,,,,,
4.57E-07,1.07E-12,809.9137828,8.19E+137,3.4991E-11,0,,4.28E-15,,,,,,,,
3.74E-07,1.07E-12,973.1169466,1.15E+138,3.49908E-11,0,,4.28E-15,,,,,,,,
4.42E-07,1.07E-12,1197.084388,1.32E+138,3.49918E-11,0,,4.28E-15,,,,,,,,
4.82E-07,1.07E-12,753.6305917,5.38E+137,3.49941E-11,0,,4.28E-15,,,,,,,,
1.88E-07,1.07E-12,3223.150557,8.42E+137,3.4996E-11,0,,4.29E-15,,,,,,,,
4.39E-07,1.07E-12,3844.942128,7.53E+137,3.49972E-11,0,,4.29E-15,,,,,,,,
7.48E-07,1.07E-12,3698.44022,1.77E+137,3.49981E-11,0,,4.29E-15,,,,,,,,
7.80E-07,1.07E-12,981.0164021,1.08E+137,3.49997E-11,0,,4.29E-15,,,,,,,,
3.94E-07,1.07E-12,2024.800448,1.26E+138,3.50039E-11,0,,4.29E-15,,,,,,,,
4.45E-07,1.07E-12,685.1950493,9.63E+137,3.50074E-11,0,,4.29E-15,,,,,,,,
2.97E-07,1.07E-12,3842.252766,1.45E+138,3.50053E-11,0,,4.29E-15,,,,,,,,
7.18E-07,1.07E-12,4040.454598,1.04E+138,3.5002E-11,0,,4.29E-15,,,,,,,,
3.78E-07,1.07E-12,3771.011098,1.11E+138,3.49965E-11,0,,4.29E-15,,,,,,,,
3.28E-07,1.07E-12,2112.856623,8.53E+137,3.49923E-11,0,,4.28E-15,,,,,,,,
3.67E-07,1.07E-12,1878.76742,9.89E+137,3.49929E-11,0,,4.28E-15,,,,,,,,
5.85E-07,1.07E-12,898.7820905,1.25E+138,3.49939E-11,0,,4.28E-15,,,,,,,,
6.71E-07,1.07E-12,3976.779533,8.14E+137,3.49952E-11,0,,4.29E-15,,,,,,,,
5.82E-07,1.07E-12,3410.277242,1.59E+138,3.49971E-11,0,,4.29E-15,,,,,,,,
3.84E-07,1.07E-12,2210.654755,1.16E+138,3.49918E-11,0,,4.28E-15,,,,,,,,
2.89E-07,1.07E-12,3303.222696,1.28E+138,3.49882E-11,0,,4.28E-15,,,,,,,,
6.17E-07,1.07E-12,2698.436399,2.31E+137,3.4987E-11,0,,4.28E-15,,,,,,,,
2.91E-07,1.07E-12,3755.268373,9.32E+136,3.49908E-11,0,,4.28E-15,,,,,,,,
5.73E-07,1.07E-12,2955.406795,1.15E+138,3.49954E-11,0,,4.29E-15,,,,,,,,
4.33E-07,1.07E-12,937.8889981,1.34E+138,3.49972E-11,0,,4.29E-15,,,,,,,,
2.29E-07,1.07E-12,2680.9305,6.93E+137,3.49999E-11,0,,4.29E-15,,,,,,,,
3.47E-07,1.07E-12,1037.691661,5.78E+137,3.50028E-11,0,,4.29E-15,,,,,,,,
2.94E-07,1.07E-12,2388.924219,4.81E+137,3.49998E-11,0,,4.29E-15,,,,,,,,
3.21E-07,1.07E-12,1768.497269,1.24E+138,3.49982E-11,0,,4.29E-15,,,,,,,,
4.01E-07,1.07E-12,3792.108484,1.19E+138,3.49949E-11,0,,4.29E-15,,,,,,,,
3.35E-07,1.07E-12,4062.751528,1.83E+138,3.49921E-11,0,,4.28E-15,,,,,,,,
4.04E-07,1.07E-12,2386.279697,1.43E+138,3.4993E-11,0,,4.28E-15,,,,,,,,
3.99E-07,1.07E-12,2920.551978,9.24E+137,3.49958E-11,0,,4.29E-15,,,,,,,,
4.59E-07,1.07E-12,3135.251255,1.81E+138,3.50004E-11,0,,4.29E-15,,,,,,,,
6.04E-07,1.07E-12,2539.64396,1.74E+138,3.49986E-11,0,,4.29E-15,,,,,,,,
3.56E-07,1.07E-12,2575.113522,1.49E+138,3.49978E-11,0,,4.29E-15,,,,,,,,
5.82E-07,1.07E-12,2448.275913,1.53E+138,3.49973E-11,0,,4.29E-15,,,,,,,,
2.32E-07,1.07E-12,1805.880571,9.17E+137,3.49968E-11,0,,4.29E-15,,,,,,,,
3.21E-07,1.07E-12,4215.710984,1.09E+138,3.49969E-11,0,,4.29E-15,,,,,,,,
6.44E-07,1.07E-12,3887.240484,4.52E+137,3.49986E-11,0,,4.29E-15,,,,,,,,
4.95E-07,1.07E-12,3368.08289,7.21E+137,3.50004E-11,0,,4.29E-15,,,,,,,,
6.06E-07,1.07E-12,2912.896666,8.91E+137,3.50016E-11,0,,4.29E-15,,,,,,,,
2.36E-07,1.07E-12,3266.267939,5.53E+137,3.50023E-11,0,,4.29E-15,,,,,,,,
4.37E-07,1.07E-12,2800.557163,1.24E+138,3.50011E-11,0,,4.29E-15,,,,,,,,
5.62E-07,1.07E-12,1893.885759,1.19E+138,3.49986E-11,0,,4.29E-15,,,,,,,,
6.27E-07,1.07E-12,2869.538868,7.69E+137,3.49975E-11,0,,4.29E-15,,,,,,,,
5.35E-07,1.07E-12,3562.252642,3.45E+137,3.4997E-11,0,,4.29E-15,,,,,,,,
1.02E-07,1.07E-12,1349.456526,6.40E+137,3.49966E-11,0,,4.29E-15,,,,,,,,
2.84E-07,1.07E-12,2929.926576,1.07E+138,3.49962E-11,0,,4.29E-15,,,,,,,,
1.62E-07,1.07E-12,3038.888075,8.20E+137,3.49958E-11,0,,4.29E-15,,,,,,,,
4.77E-07,1.07E-12,2100.289358,4.89E+137,3.49952E-11,0,,4.29E-15,,,,,,,,
5.08E-08,1.07E-12,2306.112745,1.60E+138,3.49945E-11,0,,4.28E-15,,,,,,,,
3.90E-07,1.07E-12,979.7585719,1.05E+138,3.4994E-11,0,,4.28E-15,,,,,,,,
2.72E-07,1.07E-12,4511.947499,1.09E+138,3.49938E-11,0,,4.28E-15,,,,,,,,
2.57E-07,1.07E-12,1835.453145,4.21E+137,3.49938E-11,0,,4.28E-15,,,,,,,,
9.04E-08,1.07E-12,3679.274961,3.13E+137,3.4994E-11,0,,4.28E-15,,,,,,,,
3.49E-07,1.07E-12,862.4798742,3.60E+137,3.49942E-11,0,,4.28E-15,,,,,,,,
7.92E-07,1.07E-12,1864.607189,1.57E+138,3.49946E-11,0,,4.28E-15,,,,,,,,
1.94E-07,1.07E-12,5217.299695,9.97E+137,3.49954E-11,0,,4.29E-15,,,,,,,,
9.86E-08,1.07E-12,2705.924757,1.39E+138,3.4996E-11,0,,4.29E-15,,,,,,,,
1.92E-07,1.07E-12,2568.064845,9.57E+137,3.49953E-11,0,,4.29E-15,,,,,,,,
6.28E-07,1.07E-12,1353.219606,1.59E+138,3.49944E-11,0,,4.28E-15,,,,,,,,
5.59E-07,1.07E-12,3161.34758,1.45E+138,3.49939E-11,0,,4.28E-15,,,,,,,,
4.62E-07,1.07E-12,1616.467461,1.29E+138,3.49936E-11,0,,4.28E-15,,,,,,,,
3.45E-07,1.07E-12,2398.295495,1.40E+138,3.49935E-11,0,,4.28E-15,,,,,,,,
4.42E-07,1.07E-12,2714.09069,4.16E+137,3.49934E-11,0,,4.28E-15,,,,,,,,
5.54E-07,1.07E-12,3987.797016,6.45E+137,3.49934E-11,0,,4.28E-15,,,,,,,,
2.95E-07,1.07E-12,2613.063915,3.27E+137,3.49936E-11,0,,4.28E-15,,,,,,,,
3.83E-07,1.07E-12,2891.659206,1.35E+138,3.49939E-11,0,,4.28E-15,,,,,,,,
2.98E-07,1.07E-12,3137.315223,1.42E+138,3.49944E-11,0,,4.28E-15,,,,,,,,
3.63E-07,1.07E-12,838.3529785,6.27E+137,3.49949E-11,0,,4.29E-15,,,,,,,,
1.98E-07,1.07E-12,3764.674845,8.58E+137,3.49953E-11,0,,4.29E-15,,,,,,,,
3.62E-07,1.07E-12,3158.396274,4.24E+137,3.49956E-11,0,,4.29E-15,,,,,,,,
5.87E-07,1.07E-12,3032.114125,1.19E+138,3.49958E-11,0,,4.29E-15,,,,,,,,
5.05E-07,1.07E-12,652.6456111,1.59E+138,3.49962E-11,0,,4.29E-15,,,,,,,,
2.86E-07,1.07E-12,4111.056292,1.30E+138,3.49967E-11,0,,4.29E-15,,,,,,,,
3.19E-07,1.07E-12,2948.492806,6.68E+137,3.4998E-11,0,,4.29E-15,,,,,,,,
3.59E-07,1.07E-12,3082.125715,1.64E+138,3.49987E-11,0,,4.29E-15,,,,,,,,
2.08E-07,1.07E-12,4649.573909,5.42E+137,3.49982E-11,0,,4.29E-15,,,,,,,,
2.62E-07,1.07E-12,2840.402512,1.55E+138,3.49975E-11,0,,4.29E-15,,,,,,,,
7.38E-07,1.07E-12,3754.73518,3.69E+137,3.49967E-11,0,,4.29E-15,,,,,,,,
4.01E-07,1.07E-12,799.284182,4.47E+137,3.49957E-11,0,,4.29E-15,,,,,,,,
2.81E-07,1.07E-12,4627.402897,1.38E+137,3.49951E-11,0,,4.29E-15,,,,,,,,
1.42E-07,1.07E-12,1418.30208,1.22E+138,3.49951E-11,0,,4.29E-15,,,,,,,,
5.87E-07,1.07E-12,4889.305295,8.65E+137,3.49953E-11,0,,4.29E-15,,,,,,,,
7.94E-07,1.07E-12,3047.451469,1.03E+138,3.49955E-11,0,,4.29E-15,,,,,,,,
5.66E-07,1.07E-12,3598.53599,1.41E+138,3.49966E-11,0,,4.29E-15,,,,,,,,
3.49E-07,1.07E-12,3659.462201,5.24E+137,3.49963E-11,0,,4.29E-15,,,,,,,,
2.29E-07,1.07E-12,2453.431291,5.95E+137,3.49958E-11,0,,4.29E-15,,,,,,,,
1.52E-07,1.07E-12,2455.522842,2.56E+137,3.49948E-11,0,,4.29E-15,,,,,,,,
6.01E-07,1.07E-12,3391.484136,1.09E+138,3.49935E-11,0,,4.28E-15,,,,,,,,
3.43E-07,1.07E-12,1471.769426,9.45E+137,3.49928E-11,0,,4.28E-15,,,,,,,,
2.20E-07,1.07E-12,723.3514729,9.64E+137,3.49928E-11,0,,4.28E-15,,,,,,,,
2.70E-07,1.07E-12,3090.424653,1.14E+138,3.49932E-11,0,,4.28E-15,,,,,,,,
5.33E-07,1.07E-12,1433.288165,8.57E+137,3.49937E-11,0,,4.28E-15,,,,,,,,
1.08E-07,1.07E-12,3135.964939,2.81E+137,3.49946E-11,0,,4.28E-15,,,,,,,,
4.38E-07,1.07E-12,1976.849356,8.12E+137,3.49947E-11,0,,4.28E-15,,,,,,,,
3.14E-07,1.07E-12,2455.513568,6.53E+137,3.49946E-11,0,,4.28E-15,,,,,,,,
5.60E-07,1.07E-12,2273.092186,9.44E+137,3.49945E-11,0,,4.28E-15,,,,,,,,
1.66E-07,1.07E-12,3103.942982,6.20E+137,3.49944E-11,0,,4.28E-15,,,,,,,,
3.95E-07,1.07E-12,5065.785854,9.46E+137,3.49944E-11,0,,4.28E-15,,,,,,,,
2.94E-07,1.07E-12,1922.23836,6.23E+137,3.49943E-11,0,,4.28E-15,,,,,,,,
1.90E-07,1.07E-12,1822.338068,1.18E+137,3.49942E-11,0,,4.28E-15,,,,,,,,
7.31E-07,1.07E-12,4043.450448,5.49E+137,3.49943E-11,0,,4.28E-15,,,,,,,,
2.91E-07,1.07E-12,2659.180977,7.60E+137,3.49944E-11,0,,4.28E-15,,,,,,,,
3.58E-07,1.07E-12,2400.14232,5.48E+137,3.49945E-11,0,,4.28E-15,,,,,,,,
5.02E-07,1.07E-12,2963.326846,9.92E+137,3.49948E-11,0,,4.29E-15,,,,,,,,
2.36E-07,1.07E-12,2622.281766,1.39E+138,3.49952E-11,0,,4.29E-15,,,,,,,,
1.10E-07,1.07E-12,2530.013411,1.33E+138,3.49956E-11,0,,4.29E-15,,,,,,,,
4.28E-07,1.07E-12,2918.802473,5.80E+137,3.49961E-11,0,,4.29E-15,,,,,,,,
7.35E-07,1.07E-12,2368.534647,1.25E+138,3.49965E-11,0,,4.29E-15,,,,,,,,
4.08E-07,1.07E-12,1605.284934,7.09E+137,3.4997E-11,0,,4.29E-15,,,,,,,,
6.66E-07,1.07E-12,3234.43182,9.89E+137,3.49973E-11,0,,4.29E-15,,,,,,,,
5.11E-07,1.07E-12,3192.679042,3.44E+137,3.49978E-11,0,,4.29E-15,,,,,,,,
4.54E-07,1.07E-12,1728.601502,9.90E+137,3.49982E-11,0,,4.29E-15,,,,,,,,
7.14E-07,1.07E-12,546.0040519,1.20E+138,3.49987E-11,0,,4.29E-15,,,,,,,,
3.87E-07,1.07E-12,2308.362957,1.05E+138,3.49994E-11,0,,4.29E-15,,,,,,,,
6.56E-07,1.07E-12,3486.359209,1.22E+138,3.50002E-11,0,,4.29E-15,,,,,,,,
4.61E-07,1.07E-12,4010.132579,8.41E+137,3.50011E-11,0,,4.29E-15,,,,,,,,
3.44E-07,1.07E-12,2172.985228,1.14E+138,3.5002E-11,0,,4.29E-15,,,,,,,,
7.26E-07,1.07E-12,3556.991022,1.19E+138,3.50026E-11,0,,4.29E-15,,,,,,,,
7.18E-07,1.07E-12,3531.603586,1.10E+138,3.50028E-11,0,,4.29E-15,,,,,,,,
1.02E-07,1.07E-12,2742.050828,6.56E+137,3.50026E-11,0,,4.29E-15,,,,,,,,
4.96E-07,1.07E-12,4573.836189,9.12E+137,3.50022E-11,0,,4.29E-15,,,,,,,,
4.28E-07,1.07E-12,2879.685598,3.79E+137,3.50017E-11,0,,4.29E-15,,,,,,,,
5.15E-07,1.07E-12,2753.667335,1.30E+138,3.50011E-11,0,,4.29E-15,,,,,,,,
6.57E-07,1.07E-12,3016.625096,6.85E+137,3.50006E-11,0,,4.29E-15,,,,,,,,
3.29E-07,1.07E-12,954.1757379,1.31E+138,3.5E-11,0,,4.29E-15,,,,,,,,
6.59E-07,1.07E-12,3470.095722,8.13E+137,3.49993E-11,0,,4.29E-15,,,,,,,,
4.51E-07,1.07E-12,2183.219802,7.67E+137,3.49986E-11,0,,4.29E-15,,,,,,,,
7.44E-07,1.07E-12,3740.304948,1.39E+138,3.49979E-11,0,,4.29E-15,,,,,,,,
7.33E-07,1.07E-12,3852.066066,1.43E+138,3.49973E-11,0,,4.29E-15,,,,,,,,
2.99E-07,1.07E-12,5181.834668,9.16E+137,3.49968E-11,0,,4.29E-15,,,,,,,,
5.41E-07,1.07E-12,3146.890699,8.49E+137,3.49966E-11,0,,4.29E-15,,,,,,,,
4.81E-08,1.07E-12,1839.690489,8.93E+137,3.49964E-11,0,,4.29E-15,,,,,,,,
4.95E-07,1.07E-12,2952.563605,8.88E+137,3.49965E-11,0,,4.29E-15,,,,,,,,
6.48E-07,1.07E-12,4157.676773,4.93E+137,3.49966E-11,0,,4.29E-15,,,,,,,,
5.27E-07,1.07E-12,2228.302978,1.18E+138,3.49967E-11,0,,4.29E-15,,,,,,,,
2.13E-07,1.07E-12,1295.873637,8.35E+137,3.49969E-11,0,,4.29E-15,,,,,,,,
4.41E-07,1.07E-12,2391.247243,1.12E+138,3.49969E-11,0,,4.29E-15,,,,,,,,
2.06E-07,1.07E-12,4239.171363,5.88E+137,3.4997E-11,0,,4.29E-15,,,,,,,,
1.21E-07,1.07E-12,2732.872963,4.59E+137,3.49971E-11,0,,4.29E-15,,,,,,,,
1.43E-07,1.07E-12,2910.847019,6.93E+137,3.49968E-11,0,,4.29E-15,,,,,,,,
7.02E-07,1.07E-12,3839.951568,1.53E+138,3.49966E-11,0,,4.29E-15,,,,,,,,
6.84E-07,1.07E-12,4341.336297,1.39E+138,3.49966E-11,0,,4.29E-15,,,,,,,,
6.47E-07,1.07E-12,3398.801527,6.15E+137,3.49966E-11,0,,4.29E-15,,,,,,,,
5.34E-07,1.07E-12,4358.528413,1.43E+138,3.49966E-11,0,,4.29E-15,,,,,,,,
5.27E-07,1.07E-12,2074.586288,2.43E+137,3.49965E-11,0,,4.29E-15,,,,,,,,
6.13E-08,1.07E-12,3830.079899,1.14E+138,3.49964E-11,0,,4.29E-15,,,,,,,,
7.18E-07,1.07E-12,2226.823006,3.00E+136,3.49964E-11,0,,4.29E-15,,,,,,,,
5.24E-07,1.07E-12,2271.891905,8.35E+137,3.49963E-11,0,,4.29E-15,,,,,,,,
4.39E-07,1.07E-12,3682.071968,9.76E+137,3.49962E-11,0,,4.29E-15,,,,,,,,
4.92E-07,1.07E-12,3712.263634,3.65E+137,3.49961E-11,0,,4.29E-15,,,,,,,,
4.80E-07,1.07E-12,3877.738185,1.73E+138,3.4996E-11,0,,4.29E-15,,,,,,,,
1.58E-07,1.07E-12,2583.226099,5.65E+137,3.49959E-11,0,,4.29E-15,,,,,,,,
2.69E-07,1.07E-12,3353.156241,1.18E+138,3.49958E-11,0,,4.29E-15,,,,,,,,
4.97E-07,1.07E-12,3119.18075,8.26E+137,3.49957E-11,0,,4.29E-15,,,,,,,,
1.73E-07,1.07E-12,4448.50839,8.70E+137,3.49956E-11,0,,4.29E-15,,,,,,,,
2.68E-07,1.07E-12,948.3141954,2.73E+137,3.49955E-11,0,,4.29E-15,,,,,,,,
6.59E-07,1.07E-12,3259.111195,9.19E+137,3.49954E-11,0,,4.29E-15,,,,,,,,
2.76E-07,1.07E-12,4184.422426,5.24E+137,3.49953E-11,0,,4.29E-15,,,,,,,,
1.04E-07,1.07E-12,3235.286482,8.07E+137,3.49953E-11,0,,4.29E-15,,,,,,,,
7.16E-07,1.07E-12,2585.785457,9.32E+137,3.49952E-11,0,,4.29E-15,,,,,,,,
6.77E-07,1.07E-12,2346.721867,8.96E+137,3.49951E-11,0,,4.29E-15,,,,,,,,
2.58E-07,1.07E-12,2419.090706,1.06E+138,3.49951E-11,0,,4.29E-15,,,,,,,,
5.13E-07,1.07E-12,2561.197937,1.38E+138,3.49951E-11,0,,4.29E-15,,,,,,,,
5.27E-07,1.07E-12,4597.568229,1.69E+138,3.49951E-11,0,,4.29E-15,,,,,,,,
4.45E-07,1.07E-12,5228.428586,9.67E+137,3.49951E-11,0,,4.29E-15,,,,,,,,
1.22E-07,1.07E-12,4194.61956,5.32E+137,3.49951E-11,0,,4.29E-15,,,,,,,,
4.36E-07,1.07E-12,2299.721456,7.41E+137,3.49951E-11,0,,4.29E-15,,,,,,,,
2.34E-07,1.07E-12,887.4885571,5.92E+137,3.49951E-11,0,,4.29E-15,,,,,,,,
1.50E-07,1.07E-12,3854.337246,1.22E+138,3.49951E-11,0,,4.29E-15,,,,,,,,
4.14E-07,1.07E-12,2166.709497,1.19E+138,3.49952E-11,0,,4.29E-15,,,,,,,,
6.78E-07,1.07E-12,693.4922772,1.37E+138,3.49952E-11,0,,4.29E-15,,,,,,,,
1.73E-07,1.07E-12,2173.282497,4.73E+137,3.49952E-11,0,,4.29E-15,,,,,,,,
2.15E-07,1.07E-12,1432.679446,7.35E+137,3.49953E-11,0,,4.29E-15,,,,,,,,
1.28E-07,1.07E-12,3230.690009,9.90E+137,3.49953E-11,0,,4.29E-15,,,,,,,,
7.16E-07,1.07E-12,2905.085491,7.12E+137,3.49954E-11,0,,4.29E-15,,,,,,,,
6.50E-08,1.07E-12,2239.695045,8.02E+137,3.49954E-11,0,,4.29E-15,,,,,,,,
2.39E-07,1.07E-12,3447.896797,1.30E+138,3.49955E-11,0,,4.29E-15,,,,,,,,
7.00E-08,1.07E-12,1617.461971,5.53E+137,3.49955E-11,0,,4.29E-15,,,,,,,,
3.80E-07,1.07E-12,1670.313154,1.73E+136,3.49955E-11,0,,4.29E-15,,,,,,,,
1.22E-07,1.07E-12,1770.388228,1.03E+138,3.49955E-11,0,,4.29E-15,,,,,,,,
5.04E-07,1.07E-12,4697.367591,1.23E+138,3.49955E-11,0,,4.29E-15,,,,,,,,
5.00E-07,1.07E-12,4116.689225,1.07E+138,3.49955E-11,0,,4.29E-15,,,,,,,,
2.71E-07,1.07E-12,2092.667708,1.06E+138,3.49955E-11,0,,4.29E-15,,,,,,,,
2.54E-07,1.07E-12,2195.201346,4.88E+137,3.49955E-11,0,,4.29E-15,,,,,,,,
7.15E-07,1.07E-12,5080.587523,1.36E+138,3.49955E-11,0,,4.29E-15,,,,,,,,
4.63E-07,1.07E-12,2631.45447,5.82E+137,3.49954E-11,0,,4.29E-15,,,,,,,,
4.01E-07,1.07E-12,1210.664494,1.54E+138,3.49954E-11,0,,4.29E-15,,,,,,,,
2.99E-07,1.07E-12,3192.314723,5.59E+137,3.49954E-11,0,,4.29E-15,,,,,,,,
7.11E-07,1.07E-12,1941.054727,3.40E+137,3.49954E-11,0,,4.29E-15,,,,,,,,
4.51E-07,1.07E-12,1816.434273,1.57E+138,3.49954E-11,0,,4.29E-15,,,,,,,,
9.80E-08,1.07E-12,2604.126974,6.70E+137,3.49954E-11,0,,4.29E-15,,,,,,,,
6.96E-07,1.07E-12,1531.674408,5.78E+137,3.49953E-11,0,,4.29E-15,,,,,,,,
6.85E-07,1.07E-12,2511.926078,4.75E+137,3.49953E-11,0,,4.29E-15,,,,,,,,
5.09E-07,1.07E-12,2891.786081,1.67E+138,3.49953E-11,0,,4.29E-15,,,,,,,,
2.22E-07,1.07E-12,1580.12286,1.35E+138,3.49953E-11,0,,4.29E-15,,,,,,,,
4.32E-07,1.07E-12,2290.610656,8.29E+137,3.49953E-11,0,,4.29E-15,,,,,,,,
6.59E-07,1.07E-12,3904.984925,7.77E+137,3.49953E-11,0,,4.29E-15,,,,,,,,
2.43E-07,1.07E-12,2346.652758,1.84E+138,3.49953E-11,0,,4.29E-15,,,,,,,,
9.16E-08,1.07E-12,2566.852226,4.41E+137,3.49953E-11,0,,4.29E-15,,,,,,,,
3.37E-07,1.07E-12,1563.804562,9.07E+137,3.49953E-11,0,,4.29E-15,,,,,,,,
4.71E-07,1.07E-12,3823.924369,8.03E+137,3.49953E-11,0,,4.29E-15,,,,,,,,
5.02E-07,1.07E-12,2720.966172,4.55E+137,3.49952E-11,0,,4.29E-15,,,,,,,,
3.57E-07,1.07E-12,1711.094659,1.11E+138,3.49952E-11,0,,4.29E-15,,,,,,,,
7.05E-07,1.07E-12,3050.969066,5.34E+137,3.49952E-11,0,,4.29E-15,,,,,,,,
4.49E-08,1.07E-12,3815.618084,1.23E+138,3.49952E-11,0,,4.29E-15,,,,,,,,
7.02E-07,1.07E-12,1624.033774,3.60E+137,3.49952E-11,0,,4.29E-15,,,,,,,,
6.90E-07,1.07E-12,2907.757398,1.52E+138,3.49952E-11,0,,4.29E-15,,,,,,,,
2.26E-07,1.07E-12,345.7597886,8.70E+137,3.49952E-11,0,,4.29E-15,,,,,,,,
5.69E-07,1.07E-12,3923.936836,7.18E+137,3.49952E-11,0,,4.29E-15,,,,,,,,
7.16E-07,1.07E-12,375.3069814,8.12E+137,3.49952E-11,0,,4.29E-15,,,,,,,,
6.72E-07,1.07E-12,3574.568446,9.35E+137,3.49952E-11,0,,4.29E-15,,,,,,,,
7.32E-07,1.07E-12,1492.380954,1.58E+138,3.49952E-11,0,,4.29E-15,,,,,,,,
2.34E-07,1.07E-12,5207.761277,1.53E+138,3.49952E-11,0,,4.29E-15,,,,,,,,
1.59E-07,1.07E-12,1125.616896,7.11E+137,3.49952E-11,0,,4.29E-15,,,,,,,,
6.54E-07,1.07E-12,2811.003328,8.75E+137,3.49952E-11,0,,4.29E-15,,,,,,,,
2.72E-07,1.07E-12,3078.840013,1.08E+138,3.49952E-11,0,,4.29E-15,,,,,,,,
3.69E-07,1.07E-12,4608.694944,5.42E+137,3.49952E-11,0,,4.29E-15,,,,,,,,
3.43E-07,1.07E-12,3688.793697,4.57E+137,3.49952E-11,0,,4.29E-15,,,,,,,,
5.92E-07,1.07E-12,3519.101223,6.22E+137,3.49952E-11,0,,4.29E-15,,,,,,,,
4.31E-07,1.07E-12,3663.870219,9.50E+137,3.49952E-11,0,,4.29E-15,,,,,,,,
4.05E-07,1.07E-12,1983.232078,1.18E+138,3.49952E-11,0,,4.29E-15,,,,,,,,
3.00E-07,1.07E-12,3131.48935,1.48E+138,3.49952E-11,0,,4.29E-15,,,,,,,,
4.99E-07,1.07E-12,3709.369557,1.56E+138,3.49952E-11,0,,4.29E-15,,,,,,,,
7.40E-07,1.07E-12,2332.069179,4.91E+137,3.49952E-11,0,,4.29E-15,,,,,,,,
9.26E-08,1.07E-12,2018.272872,1.11E+138,3.49952E-11,0,,4.29E-15,,,,,,,,
4.16E-07,1.07E-12,3636.893039,9.70E+137,3.49952E-11,0,,4.29E-15,,,,,,,,
3.44E-07,1.07E-12,2546.435363,8.06E+137,3.49952E-11,0,,4.29E-15,,,,,,,,
5.46E-07,1.07E-12,2874.343997,1.10E+138,3.49952E-11,0,,4.29E-15,,,,,,,,
1.93E-07,1.07E-12,934.822204,9.28E+137,3.49952E-11,0,,4.29E-15,,,,,,,,
3.30E-07,1.07E-12,5332.304388,8.97E+137,3.49952E-11,0,,4.29E-15,,,,,,,,
4.52E-07,1.07E-12,4569.430034,5.33E+137,3.49952E-11,0,,4.29E-15,,,,,,,,
2.54E-07,1.07E-12,4791.128906,1.38E+138,3.49952E-11,0,,4.29E-15,,,,,,,,
3.67E-07,1.07E-12,2410.325594,1.52E+138,3.49952E-11,0,,4.29E-15,,,,,,,,
2.00E-07,1.07E-12,1712.412851,1.33E+138,3.49952E-11,0,,4.29E-15,,,,,,,,
3.92E-07,1.07E-12,1879.401159,9.61E+137,3.49952E-11,0,,4.29E-15,,,,,,,,
7.73E-07,1.07E-12,3482.452625,8.40E+137,3.49952E-11,0,,4.29E-15,,,,,,,,
6.60E-07,1.07E-12,4428.619023,7.63E+137,3.49952E-11,0,,4.29E-15,,,,,,,,
6.23E-07,1.07E-12,4033.430635,6.59E+137,3.49952E-11,0,,4.29E-15,,,,,,,,
4.88E-07,1.07E-12,2623.82884,1.55E+138,3.49952E-11,0,,4.29E-15,,,,,,,,
2.70E-07,1.07E-12,2600.386075,1.31E+138,3.49952E-11,0,,4.29E-15,,,,,,,,
4.76E-07,1.07E-12,3715.309855,1.64E+138,3.49952E-11,0,,4.29E-15,,,,,,,,
2.45E-07,1.07E-12,2349.431766,1.18E+138,3.49952E-11,0,,4.29E-15,,,,,,,,
5.20E-07,1.07E-12,1138.426706,7.52E+137,3.49952E-11,0,,4.29E-15,,,,,,,,
3.89E-07,1.07E-12,3032.590964,1.35E+138,3.49952E-11,0,,4.29E-15,,,,,,,,
1.08E-07,1.07E-12,3301.417911,5.18E+137,3.49952E-11,0,,4.29E-15,,,,,,,,
6.80E-07,1.07E-12,1563.632657,1.47E+138,3.49952E-11,0,,4.29E-15,,,,,,,,
2.98E-07,1.07E-12,2595.873808,7.77E+137,3.49952E-11,0,,4.29E-15,,,,,,,,
2.91E-07,1.07E-12,4467.020609,1.02E+138,3.49952E-11,0,,4.29E-15,,,,,,,,
4.06E-07,1.07E-12,2375.020203,4.55E+137,3.49952E-11,0,,4.29E-15,,,,,,,,
2.76E-07,1.07E-12,4698.210838,1.06E+138,3.49952E-11,0,,4.29E-15,,,,,,,,
3.56E-07,1.07E-12,2587.088604,1.23E+138,3.49952E-11,0,,4.29E-15,,,,,,,,
6.63E-07,1.07E-12,4417.741627,6.70E+137,3.49952E-11,0,,4.29E-15,,,,,,,,
2.39E-07,1.07E-12,2249.801885,1.59E+138,3.49952E-11,0,,4.29E-15,,,,,,,,
8.31E-07,1.07E-12,3244.941372,9.32E+137,3.49952E-11,0,,4.29E-15,,,,,,,,
2.91E-07,1.07E-12,3101.771902,1.26E+138,3.49952E-11,0,,4.29E-15,,,,,,,,
8.40E-07,1.07E-12,2958.47885,8.60E+137,3.49952E-11,0,,4.29E-15,,,,,,,,
5.47E-07,1.07E-12,3797.688516,2.19E+137,3.49952E-11,0,,4.29E-15,,,,,,,,
3.49E-07,1.07E-12,710.4748167,1.48E+138,3.49952E-11,0,,4.29E-15,,,,,,,,
1.75E-07,1.07E-12,2430.193855,7.51E+137,3.49952E-11,0,,4.29E-15,,,,,,,,
6.20E-07,1.07E-12,3397.65427,1.85E+138,3.49952E-11,0,,4.29E-15,,,,,,,,
5.40E-07,1.07E-12,1753.158717,5.57E+137,3.49952E-11,0,,4.29E-15,,,,,,,,
6.59E-07,1.07E-12,2278.417285,1.52E+138,3.49952E-11,0,,4.29E-15,,,,,,,,
1.42E-07,1.07E-12,3672.067529,7.54E+137,3.49952E-11,0,,4.29E-15,,,,,,,,
2.85E-07,1.07E-12,2702.521516,1.02E+138,3.49951E-11,0,,4.29E-15,,,,,,,,
6.64E-07,1.07E-12,4182.283033,8.72E+137,3.49951E-11,0,,4.29E-15,,,,,,,,
2.04E-07,1.07E-12,2799.576274,1.61E+138,3.49951E-11,0,,4.29E-15,,,,,,,,
6.57E-07,1.07E-12,3109.461454,3.58E+137,3.49951E-11,0,,4.29E-15,,,,,,,,
3.11E-07,1.07E-12,3249.113684,9.89E+137,3.49951E-11,0,,4.29E-15,,,,,,,,
2.64E-07,1.07E-12,2624.829365,9.81E+137,3.49951E-11,0,,4.29E-15,,,,,,,,
2.77E-07,1.07E-12,3914.444325,5.61E+137,3.49951E-11,0,,4.29E-15,,,,,,,,
6.71E-07,1.07E-12,2710.172842,5.62E+137,3.49951E-11,0,,4.29E-15,,,,,,,,
6.54E-07,1.07E-12,3545.150437,1.32E+138,3.49951E-11,0,,4.29E-15,,,,,,,,
1.08E-07,1.07E-12,3441.333433,1.18E+138,3.49951E-11,0,,4.29E-15,,,,,,,,
1.52E-07,1.07E-12,2640.866488,8.77E+137,3.49951E-11,0,,4.29E-15,,,,,,,,
7.85E-07,1.07E-12,4328.241194,9.54E+137,3.49951E-11,0,,4.29E-15,,,,,,,,
3.80E-07,1.07E-12,1912.606745,5.16E+137,3.49951E-11,0,,4.29E-15,,,,,,,,
6.19E-07,1.07E-12,2050.152625,1.47E+138,3.49951E-11,0,,4.29E-15,,,,,,,,
5.49E-07,1.07E-12,2913.205439,8.41E+137,3.49951E-11,0,,4.29E-15,,,,,,,,
6.29E-07,1.07E-12,2994.231707,1.08E+138,3.49951E-11,0,,4.29E-15,,,,,,,,
4.45E-07,1.07E-12,3908.287015,5.18E+137,3.49951E-11,0,,4.29E-15,,,,,,,,
2.18E-07,1.07E-12,2805.610971,8.08E+137,3.49951E-11,0,,4.29E-15,,,,,,,,
6.20E-07,1.07E-12,3497.623772,1.12E+138,3.49951E-11,0,,4.29E-15,,,,,,,,
3.38E-07,1.07E-12,3406.107563,8.49E+137,3.49951E-11,0,,4.29E-15,,,,,,,,
1.61E-07,1.07E-12,1151.267729,1.14E+138,3.49951E-11,0,,4.29E-15,,,,,,,,
3.10E-07,1.07E-12,1586.727945,1.31E+138,3.49951E-11,0,,4.29E-15,,,,,,,,
2.58E-07,1.07E-12,3527.110132,4.67E+137,3.49951E-11,0,,4.29E-15,,,,,,,,
3.71E-07,1.07E-12,3033.502596,8.97E+137,3.49951E-11,0,,4.29E-15,,,,,,,,
8.90E-08,1.07E-12,3332.235595,1.06E+138,3.49951E-11,0,,4.29E-15,,,,,,,,
6.41E-07,1.07E-12,2468.072056,4.23E+137,3.49951E-11,0,,4.29E-15,,,,,,,,
3.68E-07,1.07E-12,1330.020859,7.50E+137,3.49951E-11,0,,4.29E-15,,,,,,,,
1.46E-07,1.07E-12,3059.598199,2.59E+137,3.49951E-11,0,,4.29E-15,,,,,,,,
3.52E-07,1.07E-12,434.202479,9.80E+137,3.49951E-11,0,,4.29E-15,,,,,,,,
3.38E-07,1.07E-12,2838.73414,4.91E+137,3.49951E-11,0,,4.29E-15,,,,,,,,
5.56E-07,1.07E-12,1175.71794,1.28E+138,3.49951E-11,0,,4.29E-15,,,,,,,,
3.62E-07,1.07E-12,1146.701036,1.26E+138,3.49951E-11,0,,4.29E-15,,,,,,,,
2.16E-07,1.07E-12,4335.200433,1.48E+138,3.49951E-11,0,,4.29E-15,,,,,,,,
8.06E-07,1.07E-12,2124.368793,9.23E+137,3.49951E-11,0,,4.29E-15,,,,,,,,
6.77E-07,1.07E-12,3063.1923,2.09E+137,3.49951E-11,0,,4.29E-15,,,,,,,,
2.91E-07,1.07E-12,4369.281624,1.56E+138,3.49951E-11,0,,4.29E-15,,,,,,,,
8.32E-07,1.07E-12,2140.620044,1.09E+138,3.49951E-11,0,,4.29E-15,,,,,,,,
8.14E-07,1.07E-12,1156.070314,5.57E+137,3.49951E-11,0,,4.29E-15,,,,,,,,
6.66E-07,1.07E-12,2637.119364,1.55E+138,3.49951E-11,0,,4.29E-15,,,,,,,,
5.96E-07,1.07E-12,3069.163222,4.05E+137,3.49951E-11,0,,4.29E-15,,,,,,,,
3.73E-07,1.07E-12,4441.521983,8.16E+137,3.49951E-11,0,,4.29E-15,,,,,,,,
3.11E-07,1.07E-12,2429.468443,9.80E+137,3.49951E-11,0,,4.29E-15,,,,,,,,
8.34E-07,1.07E-12,4563.256837,4.18E+137,3.49951E-11,0,,4.29E-15,,,,,,,,
3.87E-07,1.07E-12,2970.585706,7.28E+136,3.49951E-11,0,,4.29E-15,,,,,,,,
5.33E-07,1.07E-12,1519.485315,8.23E+137,3.49951E-11,0,,4.29E-15,,,,,,,,
6.24E-07,1.07E-12,1983.45361,1.06E+138,3.49951E-11,0,,4.29E-15,,,,,,,,
6.97E-07,1.07E-12,1330.133996,1.55E+138,3.49951E-11,0,,4.29E-15,,,,,,,,
3.21E-07,1.07E-12,3138.595771,7.31E+137,3.49951E-11,0,,4.29E-15,,,,,,,,
2.77E-07,1.07E-12,4188.584356,2.34E+137,3.49951E-11,0,,4.29E-15,,,,,,,,
6.54E-07,1.07E-12,2748.242342,9.84E+137,3.49951E-11,0,,4.29E-15,,,,,,,,
1.54E-07,1.07E-12,2837.578238,1.10E+138,3.49951E-11,0,,4.29E-15,,,,,,,,
3.67E-07,1.07E-12,2102.879814,1.52E+138,3.49951E-11,0,,4.29E-15,,,,,,,,
6.17E-07,1.07E-12,2251.439947,1.61E+138,3.49951E-11,0,,4.29E-15,,,,,,,,
3.15E-07,1.07E-12,5129.399386,8.94E+137,3.49951E-11,0,,4.29E-15,,,,,,,,
4.27E-07,1.07E-12,2089.648297,1.43E+138,3.49951E-11,0,,4.29E-15,,,,,,,,
7.88E-07,1.07E-12,3003.963944,9.78E+137,3.49951E-11,0,,4.29E-15,,,,,,,,
6.15E-07,1.07E-12,1292.126086,1.46E+138,3.49951E-11,0,,4.29E-15,,,,,,,,
5.82E-07,1.07E-12,1482.835504,1.50E+138,3.49951E-11,0,,4.29E-15,,,,,,,,
4.77E-07,1.07E-12,1092.343859,6.50E+137,3.49951E-11,0,,4.29E-15,,,,,,,,
3.14E-07,1.07E-12,3283.223425,1.04E+138,3.49951E-11,0,,4.29E-15,,,,,,,,
8.64E-07,1.07E-12,4017.456184,1.05E+138,3.49951E-11,0,,4.29E-15,,,,,,,,
5.71E-07,1.07E-12,5849.953455,2.46E+137,3.49951E-11,0,,4.29E-15,,,,,,,,
4.02E-07,1.07E-12,4215.256308,3.74E+137,3.49951E-11,0,,4.29E-15,,,,,,,,
4.13E-07,1.07E-12,4388.206122,1.17E+138,3.49951E-11,0,,4.29E-15,,,,,,,,
2.02E-07,1.07E-12,3992.809033,1.42E+138,3.49951E-11,0,,4.29E-15,,,,,,,,
3.26E-07,1.07E-12,3176.445036,9.71E+137,3.49951E-11,0,,4.29E-15,,,,,,,,
6.50E-08,1.07E-12,4564.423264,1.03E+138,3.49951E-11,0,,4.29E-15,,,,,,,,
3.98E-08,1.07E-12,4324.444137,1.08E+138,3.49951E-11,0,,4.29E-15,,,,,,,,
3.76E-07,1.07E-12,2254.854792,4.66E+137,3.49951E-11,0,,4.29E-15,,,,,,,,
4.90E-07,1.07E-12,2759.047165,3.80E+137,3.49951E-11,0,,4.29E-15,,,,,,,,
3.37E-07,1.07E-12,3718.564584,1.02E+138,3.49951E-11,0,,4.29E-15,,,,,,,,
2.42E-07,1.07E-12,693.0155277,1.36E+138,3.49951E-11,0,,4.29E-15,,,,,,,,
5.99E-07,1.07E-12,2821.495079,1.55E+138,3.49951E-11,0,,4.29E-15,,,,,,,,
2.67E-07,1.07E-12,2632.143939,2.92E+137,3.49951E-11,0,,4.29E-15,,,,,,,,
1.79E-07,1.07E-12,1324.688134,1.08E+138,3.49951E-11,0,,4.29E-15,,,,,,,,
6.30E-07,1.07E-12,3329.799326,1.06E+138,3.49951E-11,0,,4.29E-15,,,,,,,,
3.07E-08,1.07E-12,2129.896002,9.42E+137,3.49951E-11,0,,4.29E-15,,,,,,,,
2.88E-07,1.07E-12,1663.886985,6.35E+137,3.49951E-11,0,,4.29E-15,,,,,,,,
3.29E-07,1.07E-12,2950.513291,9.85E+137,3.49951E-11,0,,4.29E-15,,,,,,,,
1.78E-07,1.07E-12,2568.520348,1.20E+138,3.49951E-11,0,,4.29E-15,,,,,,,,
5.86E-07,1.07E-12,901.6040896,9.80E+137,3.49951E-11,0,,4.29E-15,,,,,,,,
6.24E-07,1.07E-12,1682.918119,1.17E+138,3.49951E-11,0,,4.29E-15,,,,,,,,
8.31E-07,1.07E-12,882.7897683,1.42E+138,3.49951E-11,0,,4.29E-15,,,,,,,,
3.08E-07,1.07E-12,2147.345639,9.46E+137,3.49951E-11,0,,4.29E-15,,,,,,,,
4.32E-07,1.07E-12,2756.16292,1.45E+137,3.49951E-11,0,,4.29E-15,,,,,,,,
2.32E-07,1.07E-12,3327.888562,1.51E+138,3.49951E-11,0,,4.29E-15,,,,,,,,
3.35E-07,1.07E-12,3995.721222,1.44E+138,3.49951E-11,0,,4.29E-15,,,,,,,,
6.20E-07,1.07E-12,3848.298646,9.85E+137,3.49951E-11,0,,4.29E-15,,,,,,,,
6.86E-07,1.07E-12,2551.150323,1.13E+138,3.49951E-11,0,,4.29E-15,,,,,,,,
8.30E-07,1.07E-12,2473.149187,1.43E+138,3.49951E-11,0,,4.29E-15,,,,,,,,
3.79E-07,1.07E-12,354.9987084,1.12E+138,3.49951E-11,0,,4.29E-15,,,,,,,,
1.77E-07,1.07E-12,2255.663557,7.81E+137,3.49951E-11,0,,4.29E-15,,,,,,,,
4.39E-07,1.07E-12,1568.972541,1.03E+137,3.49951E-11,0,,4.29E-15,,,,,,,,
2.30E-07,1.07E-12,4591.285733,4.17E+137,3.49951E-11,0,,4.29E-15,,,,,,,,
3.66E-07,1.07E-12,2465.724995,1.50E+138,3.49951E-11,0,,4.29E-15,,,,,,,,
4.08E-07,1.07E-12,3327.356557,1.51E+138,3.49951E-11,0,,4.29E-15,,,,,,,,
5.99E-07,1.07E-12,3856.685469,1.42E+138,3.49951E-11,0,,4.29E-15,,,,,,,,
1.71E-07,1.07E-12,3498.416715,1.44E+138,3.49951E-11,0,,4.29E-15,,,,,,,,
5.92E-08,1.07E-12,2110.92021,1.05E+138,3.49951E-11,0,,4.29E-15,,,,,,,,
5.96E-07,1.07E-12,2159.825725,4.37E+137,3.49951E-11,0,,4.29E-15,,,,,,,,
5.91E-07,1.07E-12,4665.569475,2.89E+137,3.49951E-11,0,,4.29E-15,,,,,,,,
4.67E-07,1.07E-12,4492.860249,3.77E+137,3.49951E-11,0,,4.29E-15,,,,,,,,
4.26E-07,1.07E-12,3634.274911,1.44E+138,3.49951E-11,0,,4.29E-15,,,,,,,,
2.15E-07,1.07E-12,638.1283805,4.29E+137,3.49951E-11,0,,4.29E-15,,,,,,,,
1.94E-07,1.07E-12,1199.013598,2.66E+137,3.49951E-11,0,,4.29E-15,,,,,,,,
2.05E-07,1.07E-12,1518.868952,9.77E+136,3.49951E-11,0,,4.29E-15,,,,,,,,
7.05E-07,1.07E-12,2409.424955,9.56E+137,3.49951E-11,0,,4.29E-15,,,,,,,,
5.15E-07,1.07E-12,2188.01128,1.15E+138,3.49951E-11,0,,4.29E-15,,,,,,,,
6.50E-07,1.07E-12,1940.226041,1.27E+137,3.49951E-11,0,,4.29E-15,,,,,,,,
3.33E-07,1.07E-12,2978.780093,3.70E+137,3.49951E-11,0,,4.29E-15,,,,,,,,
3.76E-07,1.07E-12,1468.280755,1.22E+138,3.49951E-11,0,,4.29E-15,,,,,,,,
1.77E-07,1.07E-12,510.6133279,4.16E+137,3.49951E-11,0,,4.29E-15,,,,,,,,
1.35E-07,1.07E-12,4129.66275,1.51E+138,3.49951E-11,0,,4.29E-15,,,,,,,,
5.69E-07,1.07E-12,3512.848456,3.94E+137,3.49951E-11,0,,4.29E-15,,,,,,,,
3.77E-07,1.07E-12,3343.782474,6.77E+137,3.49951E-11,0,,4.29E-15,,,,,,,,
4.43E-07,1.07E-12,2494.924848,9.61E+137,3.49951E-11,0,,4.29E-15,,,,,,,,
6.26E-07,1.07E-12,3596.351041,6.61E+136,3.49951E-11,0,,4.29E-15,,,,,,,,
5.69E-07,1.07E-12,1061.789283,8.52E+137,3.49951E-11,0,,4.29E-15,,,,,,,,
2.25E-07,1.07E-12,2888.875777,9.86E+137,3.49951E-11,0,,4.29E-15,,,,,,,,
6.20E-07,1.07E-12,3937.944628,9.71E+137,3.49951E-11,0,,4.29E-15,,,,,,,,
2.49E-07,1.07E-12,1482.211871,1.66E+138,3.49951E-11,0,,4.29E-15,,,,,,,,
5.60E-07,1.07E-12,5694.770152,1.08E+138,3.49951E-11,0,,4.29E-15,,,,,,,,
2.20E-07,1.07E-12,2131.656268,1.16E+138,3.49951E-11,0,,4.29E-15,,,,,,,,
3.08E-07,1.07E-12,3091.843566,1.15E+138,3.49951E-11,0,,4.29E-15,,,,,,,,
2.89E-07,1.07E-12,1564.206529,1.14E+138,3.49951E-11,0,,4.29E-15,,,,,,,,
4.84E-07,1.07E-12,1510.624288,1.07E+138,3.49951E-11,0,,4.29E-15,,,,,,,,
3.46E-07,1.07E-12,4857.962291,1.15E+138,3.49951E-11,0,,4.29E-15,,,,,,,,
1.30E-07,1.07E-12,3621.939187,1.06E+138,3.49951E-11,0,,4.29E-15,,,,,,,,
6.63E-07,1.07E-12,3495.093758,1.06E+138,3.49951E-11,0,,4.29E-15,,,,,,,,
3.93E-07,1.07E-12,3696.485588,1.06E+138,3.49951E-11,0,,4.29E-15,,,,,,,,
3.07E-07,1.07E-12,2588.85159,1.06E+138,3.49951E-11,0,,4.29E-15,,,,,,,,
6.18E-07,1.07E-12,1132.972674,1.06E+138,3.49951E-11,0,,4.29E-15,,,,,,,,
2.65E-07,1.07E-12,5079.110337,1.06E+138,3.49951E-11,0,,4.29E-15,,,,,,,,
2.14E-07,1.07E-12,3911.497043,1.06E+138,3.49951E-11,0,,4.29E-15,,,,,,,,
3.54E-07,1.07E-12,3071.000001,1.06E+138,3.49951E-11,0,,4.29E-15,,,,,,,,
3.39E-07,1.07E-12,1692.271538,1.06E+138,3.49951E-11,0,,4.29E-15,,,,,,,,
6.67E-07,1.07E-12,3234.79247,1.06E+138,3.49951E-11,0,,4.29E-15,,,,,,,,
2.92E-07,1.07E-12,3146.916842,1.06E+138,3.49951E-11,0,,4.29E-15,,,,,,,,
5.26E-07,1.07E-12,1085.837826,1.06E+138,3.49951E-11,0,,4.29E-15,,,,,,,,
4.29E-07,1.07E-12,2490.10088,1.06E+138,3.49951E-11,0,,4.29E-15,,,,,,,,
2.59E-07,1.07E-12,3220.610311,1.06E+138,3.49951E-11,0,,4.29E-15,,,,,,,,
5.90E-07,1.07E-12,2623.544894,1.06E+138,3.49951E-11,0,,4.29E-15,,,,,,,,
3.26E-07,1.07E-12,3554.918178,1.06E+138,3.49951E-11,0,,4.29E-15,,,,,,,,
1.57E-07,1.07E-12,1964.059225,1.06E+138,3.49951E-11,0,,4.29E-15,,,,,,,,
3.99E-07,1.07E-12,949.6695257,1.14E+138,3.49951E-11,0,,4.29E-15,,,,,,,,
8.29E-07,1.07E-12,1433.486149,1.14E+138,3.49951E-11,0,,4.29E-15,,,,,,,,
6.33E-07,1.07E-12,4535.437187,1.14E+138,3.49951E-11,0,,4.29E-15,,,,,,,,
2.17E-07,1.07E-12,3113.02302,1.14E+138,3.49951E-11,0,,4.29E-15,,,,,,,,
5.96E-07,1.07E-12,2611.370612,1.14E+138,3.49951E-11,0,,4.29E-15,,,,,,,,
6.07E-07,1.07E-12,3537.761062,1.14E+138,3.49951E-11,0,,4.29E-15,,,,,,,,
6.69E-07,1.07E-12,3349.916052,1.14E+138,3.49951E-11,0,,4.29E-15,,,,,,,,
4.09E-07,1.07E-12,3644.315304,1.14E+138,3.49951E-11,0,,4.29E-15,,,,,,,,
3.65E-07,1.07E-12,3506.683179,1.14E+138,3.49951E-11,0,,4.29E-15,,,,,,,,
2.58E-07,1.07E-12,2427.643624,1.14E+138,3.49951E-11,0,,4.29E-15,,,,,,,,
5.30E-08,1.07E-12,2110.942705,1.14E+138,3.49951E-11,0,,4.29E-15,,,,,,,,
3.93E-07,1.07E-12,2473.99976,1.14E+138,3.49951E-11,0,,4.29E-15,,,,,,,,
3.15E-08,1.07E-12,2753.406446,1.14E+138,3.49951E-11,0,,4.29E-15,,,,,,,,
2.94E-07,1.07E-12,4019.340618,1.14E+138,3.49951E-11,0,,4.29E-15,,,,,,,,
4.20E-07,1.07E-12,4776.086154,1.14E+138,3.49951E-11,0,,4.29E-15,,,,,,,,
3.29E-07,1.07E-12,4531.895663,1.14E+138,3.49951E-11,0,,4.29E-15,,,,,,,,
6.32E-07,1.07E-12,2326.759993,1.14E+138,3.49951E-11,0,,4.29E-15,,,,,,,,
3.33E-07,1.07E-12,2920.408242,1.14E+138,3.49951E-11,0,,4.29E-15,,,,,,,,
4.23E-07,1.07E-12,2337.709882,1.14E+138,3.49951E-11,0,,4.29E-15,,,,,,,,
7.82E-07,1.07E-12,1562.575714,1.14E+138,3.49951E-11,0,,4.29E-15,,,,,,,,
1.69E-07,1.07E-12,1278.782657,1.14E+138,3.49951E-11,0,,4.29E-15,,,,,,,,
6.88E-07,1.07E-12,2816.829922,1.14E+138,3.49951E-11,0,,4.29E-15,,,,,,,,
3.49E-07,1.07E-12,4631.205223,1.14E+138,3.49951E-11,0,,4.29E-15,,,,,,,,
3.96E-07,1.07E-12,1927.176223,1.14E+138,3.49951E-11,0,,4.29E-15,,,,,,,,
8.12E-07,1.07E-12,1530.165734,1.14E+138,3.49951E-11,0,,4.29E-15,,,,,,,,
2.17E-07,1.07E-12,1874.943653,1.14E+138,3.49951E-11,0,,4.29E-15,,,,,,,,
1.77E-07,1.07E-12,2289.044837,1.14E+138,3.49951E-11,0,,4.29E-15,,,,,,,,
4.84E-07,1.07E-12,4632.15667,1.14E+138,3.49951E-11,0,,4.29E-15,,,,,,,,
6.25E-07,1.07E-12,3709.415778,1.14E+138,3.49951E-11,0,,4.29E-15,,,,,,,,
4.03E-07,1.07E-12,4098.594966,1.14E+138,3.49951E-11,0,,4.29E-15,,,,,,,,
5.66E-07,1.07E-12,1278.607251,1.14E+138,3.49951E-11,0,,4.29E-15,,,,,,,,
6.27E-07,1.07E-12,4365.99304,1.14E+138,3.49951E-11,0,,4.29E-15,,,,,,,,
3.29E-07,1.07E-12,1893.225707,1.14E+138,3.49951E-11,0,,4.29E-15,,,,,,,,
4.00E-07,1.07E-12,1908.818149,1.14E+138,3.49951E-11,0,,4.29E-15,,,,,,,,
8.07E-07,1.07E-12,4033.019215,1.14E+138,3.49951E-11,0,,4.29E-15,,,,,,,,
6.81E-07,1.07E-12,3798.04843,1.14E+138,3.49951E-11,0,,4.29E-15,,,,,,,,
3.66E-07,1.07E-12,2880.956733,1.14E+138,3.49951E-11,0,,4.29E-15,,,,,,,,
3.88E-07,1.07E-12,1795.401148,1.14E+138,3.49951E-11,0,,4.29E-15,,,,,,,,
8.04E-07,1.07E-12,5508.542342,1.14E+138,3.49951E-11,0,,4.29E-15,,,,,,,,
7.14E-08,1.07E-12,279.2944917,1.14E+138,3.49951E-11,0,,4.29E-15,,,,,,,,
4.03E-07,1.07E-12,3101.724047,1.14E+138,3.49951E-11,0,,4.29E-15,,,,,,,,
6.63E-07,1.07E-12,4305.420934,1.14E+138,3.49951E-11,0,,4.29E-15,,,,,,,,
6.76E-07,1.07E-12,4575.810379,1.14E+138,3.49951E-11,0,,4.29E-15,,,,,,,,
4.05E-07,1.07E-12,4462.998607,1.14E+138,3.49951E-11,0,,4.29E-15,,,,,,,,
5.97E-07,1.07E-12,3133.334124,1.14E+138,3.49951E-11,0,,4.29E-15,,,,,,,,
6.27E-07,1.07E-12,2669.349037,1.14E+138,3.49951E-11,0,,4.29E-15,,,,,,,,
4.00E-07,1.07E-12,3181.409507,1.14E+138,3.49951E-11,0,,4.29E-15,,,,,,,,
3.93E-07,1.07E-12,3430.354424,1.14E+138,3.49951E-11,0,,4.29E-15,,,,,,,,
5.50E-07,1.07E-12,4858.76609,1.14E+138,3.49951E-11,0,,4.29E-15,,,,,,,,
3.49E-07,1.07E-12,1498.634077,1.14E+138,3.49951E-11,0,,4.29E-15,,,,,,,,
6.28E-07,1.07E-12,2438.027952,1.14E+138,3.49951E-11,0,,4.29E-15,,,,,,,,
3.32E-07,1.07E-12,4069.080531,1.14E+138,3.49951E-11,0,,4.29E-15,,,,,,,,
2.57E-07,1.07E-12,1098.557028,1.14E+138,3.49951E-11,0,,4.29E-15,,,,,,,,
3.85E-07,1.07E-12,2464.351073,1.14E+138,3.49951E-11,0,,4.29E-15,,,,,,,,
2.01E-07,1.07E-12,3587.81692,1.14E+138,3.49951E-11,0,,4.29E-15,,,,,,,,
8.10E-07,1.07E-12,3220.409262,1.14E+138,3.49951E-11,0,,4.29E-15,,,,,,,,
3.80E-07,1.07E-12,911.697751,1.14E+138,3.49951E-11,0,,4.29E-15,,,,,,,,
5.95E-07,1.07E-12,1213.029998,1.14E+138,3.49951E-11,0,,4.29E-15,,,,,,,,
2.74E-07,1.07E-12,1635.318883,1.14E+138,3.49951E-11,0,,4.29E-15,,,,,,,,
6.83E-07,1.07E-12,1725.581952,1.14E+138,3.49951E-11,0,,4.29E-15,,,,,,,,
3.65E-07,1.07E-12,1358.138234,1.14E+138,3.49951E-11,0,,4.29E-15,,,,,,,,
5.72E-07,1.07E-12,5248.987855,1.14E+138,3.49951E-11,0,,4.29E-15,,,,,,,,
4.07E-07,1.07E-12,3751.285434,1.14E+138,3.49951E-11,0,,4.29E-15,,,,,,,,
1.13E-07,1.07E-12,2452.186296,1.14E+138,3.49951E-11,0,,4.29E-15,,,,,,,,
7.17E-07,1.07E-12,2904.213833,1.14E+138,3.49951E-11,0,,4.29E-15,,,,,,,,
6.16E-07,1.07E-12,2207.417673,1.14E+138,3.49951E-11,0,,4.29E-15,,,,,,,,
5.69E-07,1.07E-12,4248.00123,1.14E+138,3.49951E-11,0,,4.29E-15,,,,,,,,
5.90E-07,1.07E-12,2260.838726,1.14E+138,3.49951E-11,0,,4.29E-15,,,,,,,,
6.77E-07,1.07E-12,3503.693132,1.14E+138,3.49951E-11,0,,4.29E-15,,,,,,,,
8.29E-07,1.07E-12,1872.968628,1.14E+138,3.49951E-11,0,,4.29E-15,,,,,,,,
5.82E-07,1.07E-12,4672.325365,1.14E+138,3.49951E-11,0,,4.29E-15,,,,,,,,
6.32E-07,1.07E-12,4706.682507,1.14E+138,3.49951E-11,0,,4.29E-15,,,,,,,,
1.72E-07,1.07E-12,4808.334033,1.14E+138,3.49951E-11,0,,4.29E-15,,,,,,,,
3.36E-07,1.07E-12,2418.566285,1.14E+138,3.49951E-11,0,,4.29E-15,,,,,,,,
4.13E-07,1.07E-12,1726.416072,1.14E+138,3.49951E-11,0,,4.29E-15,,,,,,,,
3.84E-07,1.07E-12,2552.581379,1.14E+138,3.49951E-11,0,,4.29E-15,,,,,,,,
5.93E-07,1.07E-12,1363.860939,1.14E+138,3.49951E-11,0,,4.29E-15,,,,,,,,
6.39E-07,1.07E-12,2073.333426,1.14E+138,3.49951E-11,0,,4.29E-15,,,,,,,,
2.99E-07,1.07E-12,981.7881246,1.14E+138,3.49951E-11,0,,4.29E-15,,,,,,,,
7.95E-07,1.07E-12,3184.80037,1.14E+138,3.49951E-11,0,,4.29E-15,,,,,,,,
5.95E-07,1.07E-12,3070.343549,1.14E+138,3.49951E-11,0,,4.29E-15,,,,,,,,
4.24E-07,1.07E-12,4659.248439,1.14E+138,3.49951E-11,0,,4.29E-15,,,,,,,,
5.81E-07,1.07E-12,1903.920388,1.14E+138,3.49951E-11,0,,4.29E-15,,,,,,,,
7.82E-07,1.07E-12,4021.52275,1.14E+138,3.49951E-11,0,,4.29E-15,,,,,,,,
2.05E-07,1.07E-12,3189.635783,1.14E+138,3.49951E-11,0,,4.29E-15,,,,,,,,
3.37E-07,1.07E-12,2801.787497,1.14E+138,3.49951E-11,0,,4.29E-15,,,,,,,,
4.19E-07,1.07E-12,2734.666734,1.14E+138,3.49951E-11,0,,4.29E-15,,,,,,,,
3.29E-07,1.07E-12,4056.242945,1.14E+138,3.49951E-11,0,,4.29E-15,,,,,,,,
4.08E-07,1.07E-12,4508.568354,1.14E+138,3.49951E-11,0,,4.29E-15,,,,,,,,
5.94E-08,1.07E-12,2496.341591,1.14E+138,3.49951E-11,0,,4.29E-15,,,,,,,,
3.19E-07,1.07E-12,4000.061537,1.14E+138,3.49951E-11,0,,4.29E-15,,,,,,,,
3.51E-07,1.07E-12,2918.91211,1.14E+138,3.49951E-11,0,,4.29E-15,,,,,,,,
3.12E-07,1.07E-12,2257.901071,1.14E+138,3.49951E-11,0,,4.29E-15,,,,,,,,
2.83E-07,1.07E-12,2324.0126,1.14E+138,3.49951E-11,0,,4.29E-15,,,,,,,,
2.02E-07,1.07E-12,2269.943104,1.14E+138,3.49951E-11,0,,4.29E-15,,,,,,,,
7.21E-07,1.07E-12,2428.948682,1.14E+138,3.49951E-11,0,,4.29E-15,,,,,,,,
2.95E-07,1.07E-12,3507.13252,1.14E+138,3.49951E-11,0,,4.29E-15,,,,,,,,
5.87E-07,1.07E-12,4202.779258,1.14E+138,3.49951E-11,0,,4.29E-15,,,,,,,,
6.73E-07,1.07E-12,3026.757995,1.14E+138,3.49951E-11,0,,4.29E-15,,,,,,,,
2.19E-07,1.07E-12,2030.57458,1.14E+138,3.49951E-11,0,,4.29E-15,,,,,,,,
1.91E-07,1.07E-12,4197.791538,1.14E+138,3.49951E-11,0,,4.29E-15,,,,,,,,
6.06E-07,1.07E-12,2537.053626,1.14E+138,3.49951E-11,0,,4.29E-15,,,,,,,,
6.19E-07,1.07E-12,1689.51432,1.14E+138,3.49951E-11,0,,4.29E-15,,,,,,,,
4.24E-07,1.07E-12,3428.212314,1.14E+138,3.49951E-11,0,,4.29E-15,,,,,,,,
2.63E-07,1.07E-12,1674.180272,1.14E+138,3.49951E-11,0,,4.29E-15,,,,,,,,
4.95E-07,1.07E-12,1057.181813,1.14E+138,3.49951E-11,0,,4.29E-15,,,,,,,,
8.09E-07,1.07E-12,5536.876955,1.14E+138,3.49951E-11,0,,4.29E-15,,,,,,,,
8.17E-07,1.07E-12,1860.066262,1.14E+138,3.49951E-11,0,,4.29E-15,,,,,,,,
6.71E-07,1.07E-12,3579.427791,1.14E+138,3.49951E-11,0,,4.29E-15,,,,,,,,
3.97E-07,1.07E-12,2797.620858,1.14E+138,3.49951E-11,0,,4.29E-15,,,,,,,,
9.72E-08,1.07E-12,2864.177788,1.14E+138,3.49951E-11,0,,4.29E-15,,,,,,,,
4.68E-07,1.07E-12,5666.905691,1.14E+138,3.49951E-11,0,,4.29E-15,,,,,,,,
5.75E-07,1.07E-12,1280.392007,1.14E+138,3.49951E-11,0,,4.29E-15,,,,,,,,
6.04E-07,1.07E-12,4556.031607,1.14E+138,3.49951E-11,0,,4.29E-15,,,,,,,,
3.17E-07,1.07E-12,566.8505455,1.14E+138,3.49951E-11,0,,4.29E-15,,,,,,,,
4.30E-07,1.07E-12,1753.482836,1.14E+138,3.49951E-11,0,,4.29E-15,,,,,,,,
6.55E-07,1.07E-12,1286.389659,1.14E+138,3.49951E-11,0,,4.29E-15,,,,,,,,
6.40E-07,1.07E-12,2321.910417,1.14E+138,3.49951E-11,0,,4.29E-15,,,,,,,,
2.55E-07,1.07E-12,2232.606778,1.14E+138,3.49951E-11,0,,4.29E-15,,,,,,,,
4.98E-07,1.07E-12,4585.543443,1.14E+138,3.49951E-11,0,,4.29E-15,,,,,,,,
6.64E-07,1.07E-12,1618.881397,1.14E+138,3.49951E-11,0,,4.29E-15,,,,,,,,
3.09E-07,1.07E-12,1686.637449,1.14E+138,3.49951E-11,0,,4.29E-15,,,,,,,,
5.79E-07,1.07E-12,1790.388596,1.14E+138,3.49951E-11,0,,4.29E-15,,,,,,,,
2.38E-07,1.07E-12,3720.541743,1.14E+138,3.49951E-11,0,,4.29E-15,,,,,,,,
4.59E-07,1.07E-12,2282.981771,1.14E+138,3.49951E-11,0,,4.29E-15,,,,,,,,
3.52E-07,1.07E-12,3047.072358,1.14E+138,3.49951E-11,0,,4.29E-15,,,,,,,,
3.10E-07,1.07E-12,988.7138687,1.14E+138,3.49951E-11,0,,4.29E-15,,,,,,,,
3.91E-07,1.07E-12,722.7158509,1.14E+138,3.49951E-11,0,,4.29E-15,,,,,,,,
7.77E-07,1.07E-12,2088.644691,1.14E+138,3.49951E-11,0,,4.29E-15,,,,,,,,
2.98E-07,1.07E-12,2341.294754,1.14E+138,3.49951E-11,0,,4.29E-15,,,,,,,,
7.68E-07,1.07E-12,2129.722556,1.14E+138,3.49951E-11,0,,4.29E-15,,,,,,,,
2.60E-07,1.07E-12,2440.499032,1.14E+138,3.49951E-11,0,,4.29E-15,,,,,,,,
5.27E-08,1.07E-12,3671.605574,1.14E+138,3.49951E-11,0,,4.29E-15,,,,,,,,
1.67E-07,1.07E-12,1874.186069,1.14E+138,3.49951E-11,0,,4.29E-15,,,,,,,,
1.09E-07,1.07E-12,2463.458318,1.14E+138,3.49951E-11,0,,4.29E-15,,,,,,,,
3.77E-07,1.07E-12,2503.866074,1.14E+138,3.49951E-11,0,,4.29E-15,,,,,,,,
4.24E-07,1.07E-12,2903.921027,1.14E+138,3.49951E-11,0,,4.29E-15,,,,,,,,
8.27E-07,1.07E-12,2361.479129,1.14E+138,3.49951E-11,0,,4.29E-15,,,,,,,,
4.38E-07,1.07E-12,1540.268265,1.14E+138,3.49951E-11,0,,4.29E-15,,,,,,,,
6.34E-07,1.07E-12,2039.356485,1.14E+138,3.49951E-11,0,,4.29E-15,,,,,,,,
6.11E-07,1.07E-12,3835.73624,1.14E+138,3.49951E-11,0,,4.29E-15,,,,,,,,
3.33E-07,1.07E-12,2417.091023,1.14E+138,3.49951E-11,0,,4.29E-15,,,,,,,,
1.38E-07,1.07E-12,735.9689502,1.14E+138,3.49951E-11,0,,4.29E-15,,,,,,,,
1.77E-07,1.07E-12,4921.411112,1.14E+138,3.49951E-11,0,,4.29E-15,,,,,,,,
4.25E-07,1.07E-12,5807.050103,1.14E+138,3.49951E-11,0,,4.29E-15,,,,,,,,
7.72E-07,1.07E-12,2631.470004,1.14E+138,3.49951E-11,0,,4.29E-15,,,,,,,,
2.34E-07,1.07E-12,3420.834013,1.14E+138,3.49951E-11,0,,4.29E-15,,,,,,,,
2.28E-07,1.07E-12,1412.957398,1.14E+138,3.49951E-11,0,,4.29E-15,,,,,,,,
1.20E-07,1.07E-12,3779.649075,1.14E+138,3.49951E-11,0,,4.29E-15,,,,,,,,
2.44E-07,1.07E-12,5282.836194,1.14E+138,3.49951E-11,0,,4.29E-15,,,,,,,,
4.87E-07,1.07E-12,2504.024538,1.14E+138,3.49951E-11,0,,4.29E-15,,,,,,,,
5.51E-07,1.07E-12,2236.012871,1.14E+138,3.49951E-11,0,,4.29E-15,,,,,,,,
6.03E-07,1.07E-12,5073.763578,1.14E+138,3.49951E-11,0,,4.29E-15,,,,,,,,
2.92E-07,1.07E-12,2711.267116,1.14E+138,3.49951E-11,0,,4.29E-15,,,,,,,,
3.27E-07,1.07E-12,2121.789875,1.14E+138,3.49951E-11,0,,4.29E-15,,,,,,,,
4.66E-07,1.07E-12,4718.425995,1.14E+138,3.49951E-11,0,,4.29E-15,,,,,,,,
5.39E-07,1.07E-12,1355.814746,1.14E+138,3.49951E-11,0,,4.29E-15,,,,,,,,
2.27E-07,1.07E-12,1277.543309,1.14E+138,3.49951E-11,0,,4.29E-15,,,,,,,,
7.56E-07,1.07E-12,3665.107518,1.14E+138,3.49951E-11,0,,4.29E-15,,,,,,,,
3.27E-07,1.07E-12,4434.76603,1.14E+138,3.49951E-11,0,,4.29E-15,,,,,,,,
4.67E-07,1.07E-12,3074.358175,1.14E+138,3.49951E-11,0,,4.29E-15,,,,,,,,
4.22E-07,1.07E-12,3045.821386,1.14E+138,3.49951E-11,0,,4.29E-15,,,,,,,,
6.12E-07,1.07E-12,4541.968619,1.14E+138,3.49951E-11,0,,4.29E-15,,,,,,,,
7.47E-07,1.07E-12,2355.276265,1.14E+138,3.49951E-11,0,,4.29E-15,,,,,,,,
3.03E-07,1.07E-12,3954.179281,1.14E+138,3.49951E-11,0,,4.29E-15,,,,,,,,
4.17E-07,1.07E-12,1381.087365,1.14E+138,3.49951E-11,0,,4.29E-15,,,,,,,,
1.97E-07,1.07E-12,1656.756303,1.14E+138,3.49951E-11,0,,4.29E-15,,,,,,,,
1.42E-07,1.07E-12,1081.167681,1.14E+138,3.49951E-11,0,,4.29E-15,,,,,,,,
6.90E-07,1.07E-12,3113.481764,1.14E+138,3.49951E-11,0,,4.29E-15,,,,,,,,
7.50E-07,1.07E-12,4565.205168,1.14E+138,3.49951E-11,0,,4.29E-15,,,,,,,,
7.00E-07,1.07E-12,214.5004206,1.14E+138,3.49951E-11,0,,4.29E-15,,,,,,,,
4.76E-07,1.07E-12,4517.751907,1.14E+138,3.49951E-11,0,,4.29E-15,,,,,,,,
5.60E-07,1.07E-12,3161.734654,1.14E+138,3.49951E-11,0,,4.29E-15,,,,,,,,
2.88E-07,1.07E-12,3340.466198,1.14E+138,3.49951E-11,0,,4.29E-15,,,,,,,,
3.82E-07,1.07E-12,1531.106987,1.14E+138,3.49951E-11,0,,4.29E-15,,,,,,,,
6.71E-07,1.07E-12,3719.060138,1.14E+138,3.49951E-11,0,,4.29E-15,,,,,,,,
7.60E-07,1.07E-12,4162.153362,1.14E+138,3.49951E-11,0,,4.29E-15,,,,,,,,
6.20E-07,1.07E-12,2415.842242,1.14E+138,3.49951E-11,0,,4.29E-15,,,,,,,,
2.89E-07,1.07E-12,1996.451849,1.14E+138,3.49951E-11,0,,4.29E-15,,,,,,,,
3.89E-07,1.07E-12,2183.314108,1.14E+138,3.49951E-11,0,,4.29E-15,,,,,,,,
6.89E-08,1.07E-12,4394.634416,1.14E+138,3.49951E-11,0,,4.29E-15,,,,,,,,
3.81E-07,1.07E-12,3441.198504,1.14E+138,3.49951E-11,0,,4.29E-15,,,,,,,,
7.30E-07,1.07E-12,2812.048286,1.14E+138,3.49951E-11,0,,4.29E-15,,,,,,,,
5.08E-07,1.07E-12,3394.32482,1.14E+138,3.49951E-11,0,,4.29E-15,,,,,,,,
7.79E-07,1.07E-12,4609.79354,1.14E+138,3.49951E-11,0,,4.29E-15,,,,,,,,
5.96E-07,1.07E-12,1126.192377,1.14E+138,3.49951E-11,0,,4.29E-15,,,,,,,,
3.54E-07,1.07E-12,1171.864555,1.14E+138,3.49951E-11,0,,4.29E-15,,,,,,,,
5.85E-07,1.07E-12,2566.082406,1.14E+138,3.49951E-11,0,,4.29E-15,,,,,,,,
1.39E-07,1.07E-12,4190.685033,1.14E+138,3.49951E-11,0,,4.29E-15,,,,,,,,
